,EAR,MAR,CIR,MOE,State
0,-0.1648968932166064,-0.863421645652267,-1.1246136358618493,-1.2751947011714815,0
1,-1.1339424284625461,-0.5382774741982964,-0.1802786165648133,0.10806089709255358,0
2,1.2988393216791576,1.4016991198505597,1.3048922524266398,1.167133804078919,0
3,0.9314867896584832,-1.3541810092021547,1.3999488172918566,-1.187284563989248,0
4,-1.387290610395975,1.0301419820617663,-0.5264593322912847,1.259049317638707,0
5,0.4558038207374918,0.32403902714038824,-0.8734894850005621,-0.07176475364945903,0
6,1.4140246848149545,-0.8935515963958003,-0.21072996886181314,-1.1146832788577568,0
7,-0.7270284122134285,-0.5025261339785216,1.3164366834510839,-0.1963896726951371,0
8,-0.686996272601526,1.396077730374322,-1.1057067145892758,1.311072951552894,0
9,1.3515650357351945,1.1308980094914562,-0.2868120936615306,0.8255513809197657,0
10,-1.036273801581383,0.1699435904686967,-1.0558871271667845,0.5816330223419012,0
11,-0.31529123415374316,-1.300841599960145,1.342699220828315,-1.407184403261667,0
12,1.0721674997029265,1.008997274765742,1.1514599974920399,-1.1301795926052736,0
13,-1.334734261299105,-1.3626614276717977,0.13532900417267169,1.3013102567246042,0
14,0.2625667615961851,0.3536641529060641,-1.2867890016647114,-0.17113066411933045,0
15,-1.2883178243151754,1.1510004776519531,1.1950428595359293,1.237173987431239,0
16,1.1493102634018029,-1.2871170074126441,-1.2524293797152384,-1.2119253403759516,0
17,0.13900756091339586,0.13611652976069688,0.05738652017932285,-0.02524864705527944,0
18,-0.7071067811865476,1.3918454479234934,-0.7071067811865511,1.158389082036926,0
19,-0.7071067811865476,-0.9128897417801207,-0.7071067811865511,0.12337292973663605,0
20,1.4142135623730951,-0.47895570614335,1.4142135623730914,-1.2817620117735766,0
21,0.6181304357474287,1.3513459155952223,-1.09219750624748,1.2123649205967824,0
22,-1.410625962137048,-0.3145661006167092,1.3241273229784023,0.024395429006185593,0
23,0.7924955263896585,-1.036779814978527,-0.23192981673091484,-1.2367603496029298,0
24,-0.919459836168857,-0.48446699449963226,-1.2094483553936262,1.096191087548149,0
25,-0.4708318516301005,-0.9084049335486559,-0.030040350870076237,0.2257092279125549,0
26,1.3902916877989704,1.3928719280482882,1.239488706263698,-1.32190031546071,0
27,-1.372668738810821,1.3021131960999754,-0.6430347493243701,1.3483110177763382,0
28,0.9810128384502812,-1.1289435286169671,1.4123334606139009,-1.0436728285190577,0
29,0.39165590036055,-0.1731696674830173,-0.7692987112895143,-0.30463818925729735,0
30,0.7274173290382792,0.6160882104216084,0.49323260874322694,-0.6666302289192872,0
31,-1.4140172011221286,0.7943743669378768,-1.3944582774908494,1.413455431001094,0
32,0.6865998720838488,-1.4104625773594803,0.9012256687476251,-0.7468252020818064,0
33,1.3317761185720525,1.0025476054016351,0.8274015276056237,-0.8239327953835609,0
34,-1.0779308695629075,0.3625396749537067,-1.406955531768668,1.4073814174290673,0
35,-0.25384524900914013,-1.3650872803553287,0.5795540041630501,-0.5834486220454896,0
36,-0.517631125076701,1.2225187940205806,-0.878436579720468,1.389531960020652,0
37,-0.8809403384175646,-1.2269588762206016,1.3990421703491227,-0.4669487307492258,0
38,1.3985714634942958,0.004440082200073797,-0.5206055906286668,-0.9225832292714045,0
39,1.3331918670571659,-0.698930700591566,1.1908823610074633,-1.3965752031630196,0
40,-1.0751905788795408,-0.7152514697216145,-1.2560086650811724,0.505457945064111,0
41,-0.2580012881776115,1.414182170313165,0.06512630407370919,0.8911172580989193,0
42,1.414213562373095,-1.2194377018745093,1.4142135623730996,-1.3538612930520157,0
43,-0.7071067811865475,1.229983930105235,-0.707106781186543,1.0309005596283003,0
44,-0.7071067811865475,-0.010546228230725707,-0.707106781186543,0.32296073342371207,0
45,-1.3932987799443408,0.7448592810690988,-1.0636179607924992,1.3573690574116997,0
46,0.9065038213149629,-1.4135292940518862,1.3389877865536608,-1.022431429035086,0
47,0.4867949586293822,0.6686700129827874,-0.27536982576116414,-0.3349376283766061,0
48,0.08433654465346689,0.690074969250448,-1.3671523570623738,1.2952850000503378,0
49,1.1803968631269675,0.7240029274315359,0.9968984159068681,-1.1392496363479139,0
50,-1.2647334077804415,-1.4140778966819894,0.3702539411554891,-0.1560353637024074,0
51,1.3889278559893508,-1.2834666373001153,1.2150259146110014,-1.4119714164939223,0
52,-0.925027494376311,0.12740361582985793,-1.23423779335221,0.7749243712243677,0
53,-0.4639003616130397,1.1560630214702885,0.01921187874117833,0.6370470452695509,0
54,-1.414213562373095,0.4221288733948045,-0.9978468188741332,1.2448322172337067,0
55,0.7071067811865475,-1.379976499551059,-0.36896269746123295,-1.2036170748950934,0
56,0.7071067811865475,0.9578476261562896,1.3668095163353609,-0.0412151423386258,0
57,-0.8665598102023865,1.2205348976613464,0.6736046193320083,1.4067416157361956,0
58,-0.5346072636878398,-1.2289118723027554,-1.4136925606251836,-0.8291027446102602,0
59,1.4011670738902637,0.008376974641404593,0.74008794129319,-0.5776388711259408,0
60,1.2215204445485222,-0.7807119973061436,1.3820369880376524,-0.8837714925935817,0
61,0.0064235855678378626,-0.6308523948429337,-0.43124874448694395,-0.5142580512876457,0
62,-1.22794403011637,1.4115643921490753,-0.950788243550712,1.3980295438812251,0
63,-1.1102857492738876,1.4116136578450575,-0.5528104758588687,1.2908153309510335,0
64,-0.20344078338601734,-0.6315763719727545,-0.8508926079549279,-0.14506094965104288,0
65,1.3137265326599006,-0.7800372858723031,1.4037030838137932,-1.145754381299985,0
66,0.9148189688186178,-1.0718649120213455,-1.2179909912303812,-1.2428513228299753,0
67,0.47657643128599236,1.334887528454115,-0.013397835776803962,1.2057974968116254,0
68,-1.391395400104639,-0.2630226164327652,1.2313888270071853,0.03705382601835013,0
69,1.3546342023781819,-1.2781122638550872,1.3012338428493004,-1.4041306995816794,0
70,-0.32557197569275226,1.1632906030732504,-0.17093696075531856,0.556076535598812,0
71,-1.0290622266854152,0.11482166078182711,-1.1302968820939818,0.8480541639828713,0
72,-0.15031813456982054,0.707106781186491,-0.31776785212606723,0.17772847496750724,0
73,1.2929658433436488,-1.4142135623731518,1.3523107960958796,-1.3038989867355129,0
74,-1.1426477087738356,0.707106781186491,-1.0345429439698066,1.1261705117680123,0
75,-1.4013135221929849,-0.4024343665151861,-1.3987955803441765,1.411394088619467,0
76,0.535610375527717,-0.9728930907310112,0.519042049184458,-0.6283986293355688,0
77,0.8657031466652693,1.3753274572462304,0.8797535311597201,-0.7829954592838982,0
78,1.414213562373095,1.3662458009883567,1.40160185026034,1.0678271822698515,0
79,-0.7071067811865475,-0.36684879712610136,-0.5376010782856269,0.26908630401085365,0
80,-0.7071067811865475,-0.999397003862237,-0.864000771974726,-1.3369134862807721,0
81,-0.9458205747877266,0.7071067811865521,-1.337147631550391,0.8106829795091762,0
82,-0.4376211948906318,0.7071067811865521,0.2697917216694283,0.5981996554161525,0
83,1.38344176967833,-1.4142135623730907,1.0673559098809662,-1.408882634925323,0
84,0.6274928946759966,0.7141966934074889,0.6392119831299375,-0.6455655611026562,0
85,-1.4113299295152557,-1.414189786620069,-1.4121058910923414,1.412477155015407,0
86,0.7838370348392592,0.6999930932125643,0.7728939079624038,-0.7669115939127498,0
87,-0.78598664489098,-1.3986754057079993,0.28303230041743327,0.27689377438312507,0
88,-0.6251759883961499,0.5182843071370079,-1.341482623778001,1.062593236318444,0
89,1.4111626332871479,0.8803910985710133,1.058450323360575,-1.3394870107015453,0
90,0.5538360928718333,-0.21589087407278887,-0.8187726465776646,-1.377842231437798,0
91,-1.4038382684012356,-1.1024443133618302,-0.5892169587567149,0.964897725144208,0
92,0.8500021755293818,1.3183351874346105,1.4079896053343917,0.4129445062935716,0
93,-1.3279213198442066,0.9797893665857528,-1.2225335052909956,1.2368468822757006,0
94,1.085231031806264,-1.3730762036181803,1.2269443235628437,-1.2122730368720391,0
95,0.24269028803792791,0.3932868370324331,-0.004410818271842776,-0.024573845403661664,0
96,-1.1181968851815438,1.4080937300306755,-1.4140044032392458,1.3339060830028289,0
97,-0.19071939827308015,-0.8178626617494658,0.6859389465284325,-0.2601104167728373,0
98,1.3089162834546169,-0.5902310682812097,0.7280654567107885,-1.0737956662299915,0
99,-1.320625369939582,-0.490558652518597,1.1262081432561553,1.4098690483715786,0
100,1.0984467674193916,1.3939803997894724,0.17766675227607864,-0.6090077300515189,0
101,0.22217860252020383,-0.9034217472708537,-1.303874895532234,-0.8008613183200423,0
102,-1.3498720879699921,1.4141559549302412,-0.7775860391708259,1.3994896154268353,0
103,1.0401538003847275,-0.6960235054506083,-0.6342025638678884,-0.8760162240983358,0
104,0.3097182875852549,-0.7181324494796101,1.4117886030387208,-0.5234733913284833,0
105,-0.18325951794130982,1.3187542654543638,0.8462656726077047,1.3684006920211123,0
106,-1.1227886046144862,-1.101717940825918,0.5581295182804811,-0.9934084629109954,0
107,1.3060481225558938,-0.21703632462843736,-1.4043951908881729,-0.37499222911009117,0
108,-0.02892463305055024,-0.7145270993632293,0.6300202929049764,-0.39032866170024794,0
109,1.2389509951998343,-0.6996604155149017,0.7814869228075921,-0.9820071315509339,0
110,-1.2100263621492842,1.4141875148780958,-1.4115072157125685,1.3723357932512001,0
111,1.2761566379536962,1.36569898584481,0.47122583025941084,0.09715862252419184,0
112,-1.165873901143882,-0.3648090708895702,0.9191423241622568,1.1732718055078035,0
113,-0.11028273680982731,-1.000889914955259,-1.3903681544216748,-1.270430428032035,0
114,-1.0988435854511454,-1.4135107985066357,-1.3732065231652686,0.5738795833670098,0
115,-0.2215562102256489,0.7453613169198434,0.3938100178897345,0.8324335454323594,0
116,1.320399795676794,0.6681494815867556,0.9793965052755912,-1.4063131287993509,0
117,-0.7071067811865489,0.8302285671078433,-0.7071067811865483,0.7341009478278656,0
118,1.4142135623730936,-1.40659821926268,1.4142135623730943,-1.413865571626358,0
119,-0.7071067811865489,0.5763696521548611,-0.7071067811865483,0.6797646237984888,0
120,-1.41374850348831,1.4113740960829648,1.2434177615410753,1.4140907173711592,0
121,0.7382808858115022,-0.6281153349013054,-0.03824148432655306,-0.6909027974410761,0
122,0.6754676176767823,-0.7832587611816513,-1.2051762772145338,-0.7231879199300932,0
123,0.8666903274610641,0.47362374604224117,1.2945770584733134,-0.5475063972827097,0
124,0.534454354358886,-1.3908311147968655,-0.15428479724678928,-0.8554844019993785,0
125,-1.4011446818199251,0.9172073687546469,-1.1402922612265243,1.402990799282117,0
126,-1.4089179918268786,-0.7823878565880991,-0.4185582831326826,1.3470963891127592,0
127,0.5985695760931384,-0.6290520868403336,-0.9605955195473177,-1.046373205559568,0
128,0.8103484157337485,1.4114399434284484,1.3791538026799768,-0.3007231835531799,0
129,1.3877310360871578,-0.23718384865781258,0.873333382721532,-0.7463969091893908,0
130,-0.45795890811001305,-1.0888052209600498,0.5266435400642482,-0.6670749423853415,0
131,-0.9297721279771447,1.3259890696178473,-1.3999769227857872,1.413471851574738,0
132,0.9997218120978155,1.3072056126317748,0.9792479168058932,-0.8663147461812941,0
133,-1.3661271606218854,-0.1862591268593173,-1.3732557471438736,1.4012090609728751,0
134,0.36640534852406986,-1.1209464857724438,0.39400783033797676,-0.5348943147915792,0
135,-0.7071067811865394,-0.07447521593506476,0.70710678118655,0.33823113654809045,0
136,-0.7071067811865394,-1.185807804786458,0.70710678118655,-1.3583168858406187,0
137,1.4142135623731031,1.2602830207215152,-1.4142135623730927,1.020085749292495,0
138,0.7725454151612199,0.6904873362344279,0.574158137654014,-0.035540562217100245,0
139,0.6395831234868291,-1.4140843619883385,0.8321871303965067,-1.2065877757228527,0
140,-1.412128538648026,0.7235970257539187,-1.4063452680505246,1.242128337939953,0
141,0.7228376446365633,-0.17175039706134176,0.7402134773012455,-0.8300062624140617,0
142,-1.414096030498548,-1.1298041797726535,-1.413688554329776,1.4066266501218856,0
143,0.6912583858619836,1.3015545768339924,0.6734750770285315,-0.576620387707825,0
144,-0.36570454406500447,0.2952990270403961,-0.18839330120761197,1.3476454403967768,0
145,-1.0002348506417424,-1.3453969257368685,-1.1196324036888694,-1.045156566263254,0
146,1.3659393947067704,1.0500978986964875,1.3080257048964987,-0.30248887413354714,0
147,0.761117367617494,0.6719599036677566,0.9936790744479629,-0.7330142432842689,0
148,-1.4128015159627234,0.7416806700213037,-1.3683046385064017,1.4138931962854788,0
149,0.6516841483452293,-1.4136405736889306,0.37462556405844055,-0.6808789530012095,0
150,0.03871576744837586,-1.038787086921179,-0.3147333424596808,-0.7276867076850252,0
151,1.2049279558627781,-0.31168469655918035,1.3513964834029388,-0.6863252238600878,0
152,-1.243643723311154,1.3504717834803592,-1.0366631409432516,1.414011931545109,0
153,0.672883830051852,-0.2966389545714674,1.3308833495641814,-0.55229336582523,0
154,-1.413670077227911,1.3458185369818407,-1.0796422691679717,1.403634611251128,0
155,0.7407862471760545,-1.0491795824103733,-0.2512410803962141,-0.8513412454259068,0
156,0.46048309410200966,-1.4141912584393765,0.943250266470971,-1.0213622157749902,0
157,-1.388242622195018,0.7139741039934955,-1.3841541470765981,1.3578023613928014,0
158,0.9277595280929972,0.7002171544459171,0.44090388060562363,-0.3364401456178112,0
159,-1.2791030274444681,-0.5466170272586743,-1.2549463213440135,0.6870259799223187,0
160,1.1619704872356347,-0.8562521837805802,1.1921255297530602,-1.4140252398601638,0
161,0.11713254020885051,1.4028692110392464,0.06282079159094758,0.7269992599378521,0
162,-1.413456360737677,-0.9184113054347515,-1.1930669929421929,1.0694677705446103,0
163,0.6666552815762317,1.390543671664972,1.2541377564663498,0.26662684238085216,0
164,0.7468010791614573,-0.4721323662302069,-0.06107076352415706,-1.3360946129254312,0
165,0.8180629908622183,0.35214675130667655,0.9823818562634299,-0.7711775198230258,0
166,0.5900078968033368,1.0100946137807636,0.38982803668306837,-0.6410386918399517,0
167,-1.4080708876655552,-1.3622413650874226,-1.3722098929464988,1.412216211662977,0
168,-1.2880826268415322,-0.755892004276649,-1.0045773508629714,-0.5188910130219875,0
169,1.1496423021675921,-0.6571725700083559,1.3643317483691721,-0.8798806484831537,0
170,0.13844032467390777,1.413064574284998,-0.35975439750620514,1.398771661505151,0
171,-1.3671975549029,-0.29421878165257687,-0.8724227088938235,0.2826204597982396,0
172,0.37042448987239573,1.3450561681883493,-0.5277175655232108,1.0587290431155598,0
173,0.9967730650305044,-1.05083738653578,1.400140274417038,-1.3413495029137792,0
174,-0.7071067811865475,-0.6000151035132896,0.20417555674423846,0.5907502168146943,0
175,-0.7071067811865475,-0.8090399705195433,-1.3140012474453568,-1.408146709410915,0
176,1.414213562373095,1.409055074032833,1.1098256907011237,0.8173964925962207,0
177,0.6632285341851585,1.0805308907752853,0.4809730945353691,-0.6660752665303926,0
178,0.7500954599515831,-1.3304171685144537,0.9112506891494601,-0.7473594254531947,0
179,-1.4133239941367406,0.24988627773919966,-1.3922237836848304,1.413434691983587,0
180,-1.363767551992507,0.7071067811865515,-0.794585343743112,1.2196824355679214,0
181,0.3576870022627142,-1.4142135623730914,1.4104439925692471,-1.2297452968763052,0
182,1.0060805497298309,0.7071067811865515,-0.6158586488261426,0.010062861308389775,0
183,-0.6409082750933208,1.0823325867782394,-0.4052722837592749,0.8475890390428482,0
184,1.4122084309605605,-1.3294664447898696,-0.9707417946831799,-1.4041998518563776,0
185,-0.7713001558672318,0.24713385801162274,1.3760140784424486,0.5566108128135387,0
186,-0.30192979263262804,0.7476168201893735,0.8923759428750918,0.41173659003373264,0
187,1.3474718124018827,-1.4134245977463749,0.5039430102872648,-1.3775571339671024,0
188,-1.0455420197692695,0.6658077775570278,-1.3963189531623497,0.9658205439333627,0
189,-0.8708719904483545,1.1075645964674083,1.4141883774798887,1.3003841951436221,0
190,-0.529544047154638,-1.3153435226201626,-0.6997849650741269,-0.16878716535206773,0
191,1.4004160376029713,0.20777892615269966,-0.714403412405766,-1.1315970297915634,0
192,0.7071067811865532,-1.4141323801276509,0.7071067811865476,-1.3524313123037537,0
193,-1.4142135623730896,0.693943362401004,-1.4142135623730951,1.0342619647842453,0
194,0.7071067811865532,0.7201890177266617,0.7071067811865476,0.31816934751949233,0
195,-1.0186677032395384,-1.385273906974522,-1.2396780879101492,-0.10874445684975581,0
196,-0.34021725501390687,0.4461371522871881,0.030433683641320257,1.275490970533246,0
197,1.3588849582534521,0.9391367546873147,1.2092444042688213,-1.1667465136835034,0
198,-0.1217105604331734,1.4102476861664999,-0.2801949277434614,0.34595932767793447,0
199,-1.1593454838420545,-0.6134663406811217,1.3405632492442863,1.0145531178956988,0
200,1.2810560442752201,-0.7967813454852888,-1.0603683215008064,-1.3605124455736333,0
201,-0.7483028652322712,1.0104673565718305,-0.5874837785546314,0.8327092481028469,0
202,-0.6650945038271492,0.3516308331609371,-0.820325930674143,0.5735678381106273,0
203,1.4133973690594204,-1.3620981897327675,1.4078097092287627,-1.406277086213486,0
204,-1.3932908404499003,-0.549304401738828,1.3858559099053447,0.8209902539726506,0
205,0.9065393825935574,-0.8539303196724994,-0.4488940480149491,-1.4077319354533249,0
206,0.48675145785637125,1.4032347214113434,-0.9369618618904301,0.5867416814806659,0
207,-0.7071067811865315,1.4073788769500257,-0.7071067811865505,1.3498665787120883,0
208,1.4142135623731111,-0.5834250524907126,1.414213562373092,-1.0401663173766436,0
209,-0.7071067811865315,-0.8239538244592921,-0.7071067811865505,-0.30970026133542966,0
210,0.7071067811865314,1.2916203880842052,-0.20668755194122404,0.7343649560992649,0
211,0.7071067811865314,-1.1445963003180322,1.314937846567029,-1.4138586855942485,0
212,-1.414213562373111,-0.14702408776618844,-1.1082502946258161,0.6794937294950034,0
213,-1.414186756002413,0.6969331494081507,-1.4115174509925115,1.4141441990089136,0
214,0.714634224142692,0.7172318530614779,0.7813488317119665,-0.6949420415046635,0
215,0.6995525318597197,-1.4141650024696677,0.630168619280545,-0.7192021575042501,0
216,0.04336038421572311,-0.7882424395203225,0.9403093066450054,-0.5999945805768299,0
217,1.2024888762035784,1.4109817767709454,0.4446479515478526,-0.8090585592785975,0
218,-1.2458492604193014,-0.6227393372506325,-1.3849572581928615,1.4090531398554398,0
219,0.2937884176107457,-1.363544980352102,0.9076260643997852,-1.414027691666046,0
220,-1.3449201994492999,0.3568743293357247,0.4854213344076148,0.7268699633083807,0
221,1.0511317818385235,1.0066706510163903,-1.3930473988074086,0.6871577283576652,0
222,-0.795975550536835,1.2310622482592797,0.015009022148532697,1.049746963797551,0
223,1.410320325476437,-1.2183281925391551,1.2171713835772806,-1.3455582472005119,0
224,-0.6143447749396257,-0.012734055720120119,-1.232180405725847,0.29581128340296425,0
225,-1.3549678513446193,0.7071067811865567,-1.1671159896739776,1.330031432129908,0
226,1.0282639013934247,-1.4142135623730858,1.2752083400154584,-1.0812635895248062,0
227,0.32670394995120366,0.7071067811865567,-0.10809235034150662,-0.24876784260510185,0
228,-1.4142135623730512,1.0540635958647353,1.4142135623730951,1.1232415027839506,0
229,0.7071067811865913,0.28949282013160244,-0.7071067811865476,0.18252062954160742,0
230,0.7071067811865913,-1.3435564159963493,-0.7071067811865476,-1.305762132325558,0
231,-1.2235711409597707,0.33427531676341743,-0.4013128397039,1.3555790926196092,0
232,-0.0023440960058105998,-1.3571775776499788,-0.973741725376743,-1.0267938338758036,0
233,1.225915236965558,1.0229022608865683,1.375054565080643,-0.32878525874379777,0
234,-1.410342413008564,0.45429929673579217,-1.4140367560911609,1.4098471295133264,0
235,0.6146134428841225,0.932681853074898,0.6876524461704634,-0.6087554642644847,0
236,0.7957289701244427,-1.3869811498106739,0.7263843099206951,-0.8010916652488439,0
237,-1.4068014434353548,0.5735285419674968,-0.9717645330109335,1.2578309518167319,0
238,0.828629608405847,-1.406272537438924,-0.4039240434781087,-1.1887332788486273,0
239,0.5781718350294955,0.8327439954714342,1.3756885764890023,-0.06909767296809145,0
240,-1.2345614825014861,-1.1385071853458693,-0.5361578838279234,-0.565849575497357,0
241,0.019875134110297375,1.2957871718603475,1.4013931272601388,1.4053599499884017,0
242,1.2146863483911519,-0.15727998651445776,-0.8652352434322194,-0.8395103744910228,0
243,-1.4100183919050802,-1.0421166828312975,-0.6866777881389953,-0.21297042830831703,0
244,0.7992753132325277,1.349004362919173,-0.7273408953434729,1.3172629383875019,0
245,0.6107430786725767,-0.30688768008789286,1.4140186834824682,-1.104292510079144,0
246,0.9091590246200342,0.7071067811865505,1.2002810210626993,-0.15115911051763012,0
247,-1.3927012533244492,0.7071067811865505,-1.247824154648995,1.2933082575897732,0
248,0.48354222870443914,-1.414213562373092,0.047543133586295666,-1.142149147072143,0
249,-0.9358092618339857,1.322034492864711,-1.2629342392020457,1.3894866738138805,0
250,1.38616154981242,-0.226082079129285,1.1826003435935195,-0.922767650238289,0
251,-0.4503522879783786,-1.095952413735435,0.08033389560851718,-0.466719023575583,0
252,1.3945070531580208,-1.409703120275701,-0.7825493102812376,-1.3956096660873796,0
253,-0.493507216135295,0.6071129571515472,-0.6288784866639622,0.49980168927419166,0
254,-0.9009998370226956,0.8025901631241538,1.4114277969452083,0.8958079768131879,0
255,1.3923159576567707,1.1119576253876877,-1.3810105541410274,-0.47456153344603613,0
256,-0.9108489323889635,0.20076597883539474,0.954337396065389,1.39101102689219,0
257,-0.4814670252677695,-1.3127236042230825,0.426673158075622,-0.9164494934461371,0
258,-1.3955498407291518,-1.162147450722074,-1.0167762318619318,1.3370651364250583,0
259,0.4994557797587737,-0.11682309873630571,1.3596369460273647,-1.067522061454494,0
260,0.8960940609703842,1.278970549458365,-0.3428607141654358,-0.26954307497056434,0
261,-1.214230839443116,-0.1595075058652584,-0.8182718226507163,1.1162425524529322,0
262,1.2349948678713993,-1.1371759971677866,1.408047027587417,-1.3101198952877133,0
263,-0.020764028428280696,1.2966835030330628,-0.5897752049366893,0.19387734283477656,0
264,0.9105366098402511,1.4047942947189827,0.9613953645941776,-0.7922350604544198,0
265,0.4818508505801076,-0.561277545093468,0.41751677689549355,-0.6184132513364085,0
266,-1.3923874604203563,-0.843516749625546,-1.37891214148967,1.4106483117908284,0
267,-0.5318201780623901,-0.7071067811865476,1.2029150465337444,-0.08799310916601179,0
268,-0.868935924159252,1.4142135623730951,0.042550662331021415,1.266368392263535,0
269,1.4007561022216517,-0.7071067811865476,-1.2454657088647245,-1.1783752830975232,0
270,0.7576462038302402,-0.4235039006630216,1.1152195084508552,-0.615018634377465,0
271,-1.412979363012167,1.3802909246889792,-1.310745921181957,1.4103756098672078,0
272,0.6553331591819207,-0.9567870240259576,0.19552641273111032,-0.7953569754897356,0
273,-1.3960429507323615,1.1530925975923072,-1.0620028957579377,1.3602761202729265,0
274,0.502322574544397,0.13252569757188187,1.3397735956754409,-0.3451206613921202,0
275,0.8937203761879721,-1.285618295164203,-0.2777706999174963,-1.0151554588808063,0
276,0.8759411824399791,1.3632790334983882,0.8473156492909709,-0.7929947792590671,0
277,-1.3995033694856285,-1.0073736224516447,-1.4042403774425278,1.4105829185919072,0
278,0.5235621870456497,-0.3559054110467434,0.5569247281515579,-0.6175881393328405,0
279,-0.7267809608042961,0.44191037481145334,-0.36383666982537466,0.6248720851979077,0
280,1.4140293699637805,-1.38437102685244,1.3654373074128268,-1.4111403512531573,0
281,-0.6872484091594672,0.9424606520409866,-1.0016006375874522,0.7862682660552535,0
282,-1.4098660796942588,0.9119290819317925,-1.4131360477156303,1.405919967610969,0
283,0.608973527574214,0.48013855813445816,0.7543684734894569,-0.5705145856046451,0
284,0.8008925521200457,-1.392067640066244,0.658767574226172,-0.8354053820063232,0
285,0.7689121529343891,-0.7303073102658884,0.7212849275485415,-0.7376160470301028,0
286,0.6434449770405603,-0.6836496745858133,0.6928332312317744,-0.6761522271034892,0
287,-1.412357129974949,1.4139569848517017,-1.4141181587803169,1.4137682741335926,0
288,-1.3157856654552293,-1.413947743006576,-1.1873287089379092,1.2627347875247823,0
289,1.1068149439416932,0.7307190822821154,1.259012310578296,-1.1828432701895084,0
290,0.2089707215135295,0.6832286607244993,-0.0716836016403869,-0.07989151733527387,0
291,-0.3192738456017512,0.8399117805730715,0.5897690609579546,0.7548922783325404,0
292,-1.033488451431045,0.5653923479728874,0.8182773360312708,0.6582194613464601,0
293,1.3527622970327526,-1.4053041285459453,-1.4080463969892254,-1.4131117396790256,0
294,0.7435520079346929,-1.1154899913414764,-0.6172347520591348,-0.9306571745013468,0
295,0.6700242689363567,-0.19509068322121018,-0.7933199840947868,-0.4568470563562513,0
296,-1.4135762768710387,1.31058067456272,1.410554736153952,1.3875042308576209,0
297,-0.45262172440896664,0.7263004988173584,-0.5674972177526826,0.5083373145314951,0
298,1.3866341710045782,-1.4140382972345449,1.4055597252779497,-1.3970574886886382,0
299,-0.9340124465956008,0.6877377984171628,-0.8380625075252672,0.8887201741571431,0
300,1.1558518195633998,0.7004569977485932,1.1343803004859092,-0.9459673601448791,10
301,-1.2836205522503694,0.7137357842333607,0.16416885900086606,1.3834007906077137,10
302,0.12776873268696978,-1.414192781981939,-1.2985491594867913,-0.43743343046283145,10
303,1.1235838959460078,-1.395542179465112,1.2967284371557437,-1.154351510348397,10
304,0.18196165475984552,0.8961306597066206,-0.1596193769644666,-0.13035830260484949,10
305,-1.3055455507058533,0.49941151975854753,-1.1371090601912808,1.2847098129532433,10
306,-1.3788842173298825,-0.8337133735921215,-1.1508524234922766,1.3463018507882833,10
307,0.9614875761863065,-0.5724316978624471,1.287222548141926,-1.0481222508618813,10
308,0.4173966411435746,1.4061450714545636,-0.1363701246496493,-0.2981795999263991,10
309,1.0837069280991205,-1.1874234158817698,1.0999023820671001,-1.3038320016225444,10
310,0.24502929118941189,1.2589328918802971,0.21989363907336978,0.17755687139695664,10
311,-1.3287362192885324,-0.07150947599851679,-1.3197960211404598,1.126275130225592,10
312,-1.3394174868378017,0.16831283690744916,-1.390839745445694,1.2702800814974105,10
313,0.27668126732489406,1.1318835034645924,0.4736686565674168,-0.0968172881985248,10
314,1.0627362195129126,-1.3001963403720558,0.9171710888782831,-1.1734627932988826,10
315,-0.5686101684184218,0.48296607732179053,-1.0783620745427116,0.5120480915488661,10
316,-0.8370832772777363,0.9096285224474469,1.3315518009552205,0.8856217241366515,10
317,1.405693445696158,-1.3925945997692502,-0.2531897264125242,-1.3976698156855176,10
318,0.7071067811865469,-1.039634712904586,0.7071067811865475,-0.746084451341955,10
319,0.7071067811865469,1.350100288827062,0.7071067811865475,-0.6673992640819685,10
320,-1.4142135623730958,-0.31046557592248997,-1.414213562373095,1.4134837154239241,10
321,0.5513754731817125,0.30412734347680687,0.5564847013726265,-0.6186668550619314,10
322,-1.4035125526328827,-1.348153099503885,-1.4041835493524177,1.4106682956958827,10
323,0.8521370794511713,1.0440257560270285,0.8476988479797912,-0.7920014406339502,10
324,1.1528290999820163,0.231917497243131,0.044887225789853796,-1.3988869903877046,10
325,0.13297871166009523,1.0922054396634513,-1.246571405537801,0.5196202734091447,10
326,-1.2858078116421117,-1.3241229369065581,1.2016841797479079,0.8792667169785491,10
327,0.9239862724600308,-1.1077388714462122,1.4112402457539621,-0.9369751438375901,10
328,-1.3891862262760237,1.315240530863516,-0.6262430066959391,1.3858523766027853,10
329,0.46519995381598883,-0.20750165941728937,-0.7849972390580277,-0.44887723276519514,10
330,0.619511281256496,0.9350809450467902,0.43990566240961676,-0.6077597879644506,10
331,-1.410734445736208,0.45127274008173557,-1.3839383363271722,1.4097601000172444,10
332,0.7912231644797112,-1.386353685128555,0.9440326739175582,-0.8020003120527918,10
333,-1.4117002861809416,-1.4077797198421491,-1.274398573629123,1.4141871895435407,10
334,0.6328657166867543,0.5871971210686934,0.10622734155847349,-0.6996139759159311,10
335,0.7788345694941953,0.8205825987734557,1.1681712320706565,-0.7145732136275786,10
336,0.7071067811865482,-0.20750165941728937,0.7071067811865466,-0.7408823689257105,10
337,-1.4142135623730945,-1.1077388714462122,-1.4142135623730963,1.41366694457486,10
338,0.7071067811865482,1.315240530863516,0.7071067811865466,-0.6727845756491503,10
339,1.4067093463402707,1.1670696130476916,1.100567713567491,-1.412547694319849,10
340,-0.8293570985007478,-1.2752438412527074,0.21884749148494562,0.6468452475318064,10
341,-0.5773522478395228,0.10817422820501578,-1.31941520505244,0.7657024467880426,10
342,0.6135284731507866,0.7884112483668857,0.5509131720318423,-0.6470223693605293,10
343,-1.41025284525015,-1.4109680239536044,-1.4034508269858648,1.4125573453916995,10
344,0.7967243720993612,0.6225567755867977,0.8525376549540239,-0.7655349760311688,10
345,0.4192892937018912,0.7071067811865476,0.44690799757325644,-0.4493026267814497,10
346,-1.379322964227234,0.7071067811865476,-1.3854371876834373,1.38594170006215,10
347,0.9600336705253444,-1.4142135623730951,0.93852919011018,-0.9366390732806996,10
348,-0.9229878450884461,-1.3954449877266075,-1.3166371983970295,0.6891620890465572,10
349,-0.4664446952340434,0.49885076467197814,1.1053643081007587,0.7249009381513959,10
350,1.3894325403224896,0.8965942230545935,0.21127289029629864,-1.4140630271979433,10
351,-0.05156014163633189,1.2951048902187345,0.9229700232601965,0.17851578831222142,10
352,-1.1981505497015736,-1.1395153425911155,-1.3894369242431963,1.1256902878633706,10
353,1.2497106913379021,-0.15558954762763536,0.46646690098299376,-1.3042060761755974,10
354,-1.3886204446979227,-0.8456804664304054,-0.41974237459973796,1.2375269982509864,10
355,0.9262583747994768,-0.5588004401085702,1.3794276221178026,-1.2115494608772264,10
356,0.46236206989844586,1.4044809065389674,-0.9596852475180592,-0.02597753737376014,10
357,-1.4088555022527376,-1.2554230068024448,-1.3120777417016782,1.4092157326994523,10
358,0.5979165764584342,0.06385442444117256,1.1130279295801122,-0.8074828586183125,10
359,0.8109389257942993,1.191568582361248,0.19904981212156933,-0.6017328740811355,10
360,-1.3902615420899538,-0.8710413090848832,-1.3771623662897017,1.3921921870345728,10
361,0.9195848497320147,-0.5293447652963927,0.41007110674452757,-0.9113881875893155,10
362,0.470676692357941,1.400386074381276,0.9670912595451719,-0.480803999445258,10
363,0.5769700557237196,-1.2955611878227418,0.12040900024503336,-0.7323085128607378,10
364,-1.4066662144763662,0.15671959316349987,-1.2805021091077158,1.413910516967031,10
365,0.8296961587526466,1.1388415946592367,1.1600931088626825,-0.6816020041062947,10
366,0.49482939376739465,-0.22032497831863385,-0.030110520582020885,-0.49296853208727665,10
367,0.8999117184392692,-1.099627855465175,1.2395224984859365,-0.9014427872915425,10
368,-1.3947411122066613,1.3199528337838264,-1.2094119779039156,1.3944113193788163,10
369,1.0136555501495892,1.2977027833998727,0.6061983875536611,-0.9115967775974094,10
370,-1.3608633827857384,-1.1356528034349125,-1.40962196181891,1.3921442043527203,10
371,0.3472078326361465,-0.1620499799649689,0.8034235742652491,-0.4805474267553097,10
372,-0.7616863294323473,-1.2323985698565776,-0.580993858842272,0.5539421854267952,10
373,-0.6510848616824282,0.01545364510923167,-0.8261205529740998,0.8499100196509214,10
374,1.4127711911147716,1.2169449247473365,1.4071144118163719,-1.4038522050777127,10
375,0.25102724836496254,-0.03634060224187264,0.4376598275024066,-0.4524610931452194,10
376,1.0797826009977591,1.242510744164262,0.945790370522999,-0.9341397475112976,10
377,-1.3308098493627216,-1.2061701419223865,-1.3834501980254048,1.3866008406565178,10
378,-0.6733372825108646,-1.4138474806396575,-0.1976137942942468,-0.7289796572109843,10
379,1.4136842762327784,0.6790584192793391,-1.1139220879227052,-0.6850060001281933,10
380,-0.740346993721924,0.7347890613602921,1.3115358822169345,1.4139856573391858,10
381,0.554976931956296,-1.4139982934432114,1.1481580008573118,-0.6288117553181998,10
382,-1.4039876687063526,0.7283678061255883,-1.2891313787902035,1.4114231210423722,10
383,0.8490107367500588,0.6856304873176825,0.14097337793289164,-0.7826113657241723,10
384,0.8264541552449345,1.3509505518377616,0.9041493896316127,-0.7287141812855256,10
385,0.5806190608510824,-0.3132606228925941,0.4896712427499413,-0.6852770034562351,10
386,-1.4070732160960173,-1.0376899289451509,-1.3938206323815525,1.4139911847417612,10
387,0.3200828762543003,-0.45749624458189275,-0.134399361115325,-0.5027599545579026,10
388,-1.353004226417959,1.3876367664863571,-1.1520019470654492,1.3961176420169046,10
389,1.0329213501636583,-0.9301405219044876,1.2864013081807737,-0.893357687459001,10
390,0.634108337623437,0.575310807069063,0.7728600753397176,-0.6730261987151966,10
391,0.7776740906743204,0.8311667925503323,0.6392480199873252,-0.7406483564521745,10
392,-1.4117824282977565,-1.4064775996193952,-1.4121080953270435,1.4136745551673715,10
393,0.24955554491616627,-0.23394224089230028,0.2881496614226781,-0.36355285160450684,10
394,-1.3303031859194527,-1.0909002596869817,-1.3431275107327358,1.3653608093878367,10
395,1.080747641003278,1.324842500579282,1.0549778493100603,-1.0018079577833383,10
396,0.8402490978314697,-0.32412448700974006,0.9187806249875108,-0.783309124085765,10
397,0.5650079752631461,-1.03008182819558,0.47167446632707094,-0.6280611395587916,10
398,-1.4052570730946141,1.3542063152053032,-1.3904550913145781,1.4113702636445562,10
399,-1.2647670265901336,-1.414213562373095,-0.622166480560504,1.1658392980737,10
400,1.1803554800395013,0.7071067811865475,1.4109385275113548,-1.2761829816170955,10
401,0.08441154655063866,0.7071067811865475,-0.7887720469508573,0.1103436835433821,10
402,-1.414181064812435,-0.4122797060570152,-1.4140526082929665,1.4064693532168198,10
403,0.7153933599051281,1.3776854488036596,0.6885488656093942,-0.5752387046155581,10
404,0.6987877049073052,-0.9654057427466445,0.7255037426835746,-0.8312306486012625,10
405,0.15335051848865927,0.6783109976090942,-0.8166572309737277,0.08107504108991814,10
406,-1.2941984474668184,0.7355168433034794,-0.5915729923344971,1.182193082770506,10
407,1.1408479289781508,-1.4138278409125493,1.4082302233082247,-1.2632681238604242,10
408,-1.2822039112840504,-1.4097991159628849,-1.3865487640378258,1.3326723243268523,10
409,1.1577883667425226,0.6082049900229245,0.9343384683297561,-1.0761999895255745,10
410,0.12441554454152737,0.8015941259399809,0.45221029570807275,-0.25647233480127685,10
411,0.7357637568077894,-1.3890412628424766,0.6920107341455307,-0.8856360398771745,10
412,0.6780573027276212,0.4644700335286595,0.7220961533224289,-0.5120309752711322,10
413,-1.4138210595354106,0.9245712293138173,-1.4141068874679574,1.397667015148304,10
414,-0.7071067811865476,0.7071067811865532,-0.7071067811865487,0.707106781186544,10
415,1.4142135623730951,-1.4142135623730894,1.414213562373094,-1.4142135623730987,10
416,-0.7071067811865476,0.7071067811865532,-0.7071067811865487,0.707106781186544,10
417,-0.03730034587239313,0.9236782403180875,-0.7433252352708614,0.22542189102639754,10
418,-1.205668622618431,0.465584128024956,-0.6702590185527945,1.0963749605681525,10
419,1.2429689684908372,-1.3892623683430436,1.4135842538236494,-1.3217968515945502,10
420,0.5763894772044191,-1.2060080467695427,0.5852968614076975,-0.6618340775296772,10
421,-1.40660046906232,-0.03665091745858431,-1.4075792303590215,1.413267139409418,10
422,0.8302109918578996,1.2426589642281416,0.8222823689513254,-0.7514330618797406,10
423,-0.7071067811865435,-0.12337784549494797,-0.7071067811865512,1.1539815004580443,10
424,-0.7071067811865435,-1.1583862513425363,-0.7071067811865512,0.13099584741985887,10
425,1.4142135623730991,1.2817640968374842,1.4142135623730914,-1.2849773478779125,10
426,-1.3030665183986723,-0.8655418435920504,-1.3516741955510612,1.407068203706035,10
427,1.127467326556644,1.4013409955353782,1.0360212892818288,-0.8264946751666105,10
428,0.17559919184203837,-0.5357991519433276,0.3156529062692262,-0.5805735285394187,10
429,0.8582869077462001,0.7071067811865394,0.7551545708732627,-0.7661065172218171,10
430,-1.4025435196187315,0.7071067811865394,-1.4130994631648124,1.412524289384817,10
431,0.5442566118725308,-1.4142135623731031,0.657944892291549,-0.6464177721629993,10
432,-1.3490936040056705,-0.1524569034646651,-1.34449784845688,1.3973779036556853,10
433,1.0419156026966931,1.293835806112013,1.052043805211736,-0.8871066945728701,10
434,0.30717800130897593,-1.1413789026473389,0.2924540432451439,-0.5102712090828161,10
435,-0.5353455129673677,-1.178945422566426,-0.9009076371819271,0.28799823401616054,10
436,-0.8659294163747133,1.2659087895324836,-0.4936193099062186,1.055080848174675,10
437,1.401274929342081,-0.08696336696605775,1.3945269470881463,-1.343079082190837,10
438,0.24499048182879843,0.8988052111556806,0.9574548380844031,-0.16626650393097941,10
439,-1.3287227268638655,0.4961722958972066,-1.3800931465754693,1.2993842898901968,10
440,1.083732245035067,-1.3949775070528871,0.42263830849106615,-1.1331177859592174,10
441,-1.0018957952797198,-0.8242796712404379,-0.8619183648732401,1.180548143667853,10
442,1.3653283761044128,1.407339447600051,1.4019496814739045,0.08406231333442489,10
443,-0.36343258082470425,-0.5830597763596277,-0.540031316600674,-1.2646104570021757,10
444,-0.7643063300058722,1.1278548557726877,-1.1336443017281832,0.9101456018501279,10
445,-0.6483209372600506,0.1749619875422958,1.299036564727555,0.48233118753170373,10
446,1.4126272672659284,-1.3028168433149836,-0.16539226299937168,-1.3924767893818286,10
447,1.3653667498609499,-0.4162884817725462,1.0820012834580124,-1.3615257408764136,10
448,-1.001791865542397,-0.9623376790756156,-1.3296418256310443,0.3495744909648325,10
449,-0.36357488431852775,1.3786261608481347,0.24764054217304124,1.0119512499115813,10
450,-1.3656470792421262,-0.11298397149106924,-1.413855016900614,1.2152485734487308,10
451,0.36461599537032247,1.2773220175843565,0.6793504638529004,0.018776685934614894,10
452,1.001031083871804,-1.1643380460932873,0.7345045530477083,-1.2340252593833474,10
453,0.9170333063157576,-0.492797250903556,1.393838567598511,-0.8453897588884207,10
454,0.473839199685176,-0.9015835835246605,-0.9040678672030434,-0.5591335763844679,10
455,-1.390872506000928,1.3943808344282165,-0.4897707003954727,1.4045233352728936,10
456,1.0216808555028636,1.41421356237311,0.7758106942813849,-0.9604144965789314,10
457,-1.3576734526885814,-0.7071067811865327,-1.4119113651791495,1.3792083584505044,10
458,0.3359925971857179,-0.7071067811865327,0.6361006708977646,-0.41879386187156903,10
459,0.14802103041702927,0.456650941695351,0.8128227337060298,-0.09219932440837639,10
460,-1.2920283028108617,0.9308131913004676,-1.4086535544893128,1.2682389600888355,10
461,1.1440072723938275,-1.3874641329958004,0.5958308207832831,-1.1760396356804592,10
462,-0.727966406527424,-1.4107422201157729,-0.9314606939471224,-0.6866507181677929,10
463,-0.6860399789687498,0.7911311898568545,1.3872973449306611,1.4140181691044524,10
464,1.414006385496228,0.6196110302589023,-0.4558366509835321,-0.7273674509366956,10
465,1.1283283928304484,-0.4596378364716888,0.6912734033770279,-1.3959713121039603,10
466,0.17418279413154825,1.3880718243244494,0.7228228489439167,0.8940674548938176,10
467,-1.30251118696201,-0.928433987852782,-1.4140962523209446,0.5019038572101628,10
468,1.4069186615271725,1.0263774821619116,0.9579561715768193,-1.3530480040145074,10
469,-0.8276966435361264,0.3293739854167554,0.4219880512019878,1.032818576936861,10
470,-0.579222017991046,-1.3557514675786484,-1.3799442227788166,0.320229427077641,10
471,0.7448392508120922,-0.2831773220017734,0.30397342957553974,-0.7396892657607927,10
472,-1.4135300267743454,-1.0583521513844445,-1.3481054863084174,1.4137051803620486,10
473,0.6686907759622526,1.3415294733861876,1.0441320567328782,-0.6740159146012554,10
474,0.636877424199268,0.24209106674496494,0.47980489529318615,-0.5942687220665132,10
475,-1.4119607100077594,1.085620922841366,-1.3920050675722317,1.4084999689589626,10
476,0.7750832858084927,-1.3277119895863503,0.9122001722790463,-0.8142312468924507,10
477,0.6053441091684061,0.9206300650613585,-0.019178410153749603,-0.4961918960940125,10
478,-1.409545526179457,-1.3900086446840771,-1.2150430423500729,1.394980947376918,10
479,0.8042014170110539,0.46937857962273244,1.2342214525038255,-0.8987890512829054,10
480,0.6414995146389222,0.7556959448338675,0.8371453301544242,-0.31150894697437775,10
481,-1.4122435866829306,0.6573779590691202,-1.4056850052647285,1.350418288945817,10
482,0.7707440720439955,-1.4130739039030358,0.5685396751103126,-1.0389093419714572,10
483,-0.7358546276017212,1.414213562373095,-0.07724097966201515,0.7779145426918662,10
484,1.4138185487186452,-0.7071067811865475,1.2615372381404113,-1.4117655247352856,10
485,-0.6779639211169252,-0.7071067811865475,-1.1842962584783907,0.6338509820434205,10
486,-1.4141810617704498,1.118739206337306,-1.4140297032343383,1.4141324586821349,10
487,0.698787314800334,-1.3085804821292017,0.7267632383426019,-0.7201827066202247,10
488,0.7153937469701157,0.18984127579185836,0.6872664648917356,-0.6939497520619108,10
489,1.0158438406750383,-1.3932170320446915,1.1813995075325063,-1.0690572131360676,10
490,-1.3600052311246396,0.48634742543388687,-1.2639169569789042,1.336300086655289,10
491,0.34416139044960115,0.9068696066107911,0.08251744944639251,-0.26724287351922343,10
492,0.7807573874438897,-1.3824493554038135,1.070791499745504,-0.8501983077344558,10
493,-1.4115610606201634,0.9493435162388577,-1.3354296073154113,1.4038085735338104,10
494,0.630803673176268,0.43310583916500434,0.26463810756990414,-0.5536102657993583,10
495,-0.75202029893781,-1.2976078516376637,0.17032475246256165,-1.3818984813273694,10
496,-0.6612213109530439,0.1618127580075378,1.1306674264236507,0.9512710424376185,10
497,1.4132416098909006,1.1357950936301322,-1.300992178886209,0.43062743888976346,10
498,-1.334762429530112,-1.3409920159578497,-1.294336448161997,1.3445866862053795,10
499,1.0721119184881063,1.0594758401720243,0.15369090016475012,-1.0518522745737209,10
500,0.26265051104200166,0.2815161757858409,1.1406455479972446,-0.29273441163164604,10
501,1.004422631120241,1.167951015346093,1.3353235012030453,-0.5424133329575196,10
502,0.3599669627385844,0.10661686074267714,-0.26432149678208233,-0.8598728321297411,10
503,-1.3643895938588255,-1.274567876088758,-1.071002004420963,1.4022861650872454,10
504,0.6637325159139787,-1.2250014632169803,0.8436623665372384,-0.8840177999644512,10
505,0.749611601496866,0.000513345025109969,0.5611110116068452,-0.5139641106250389,10
506,-1.4133441174108319,1.2244881181919007,-1.4047733781440799,1.397981910589484,10
507,0.9462215356238407,1.4030184695233725,0.8320666776683698,-0.849928038654389,10
508,0.4371082191034513,-0.8553090417584092,0.5742942751075041,-0.5539214422217198,10
509,-1.383329754727292,-0.5477094277649461,-1.4063609527758754,1.4038494808761064,10
510,-1.0474428309634334,0.6728444083834143,0.1962918254866828,1.0372057905211003,10
511,1.3466112239600343,-1.413668834068244,1.1147440820357983,-1.351161068052172,10
512,-0.2991683929965976,0.7408244256848615,-1.3110359075224718,0.31395527753107405,10
513,1.3711644218237988,0.9358415270150612,1.4097987168636568,-1.2454968842563592,10
514,-0.98546734932902,0.4503114931876768,-0.8015982904176069,1.2028804387296226,10
515,-0.38569707249477875,-1.3861530202027494,-0.6082004264460498,0.04261644552672975,10
516,1.1999562626047828,1.3809458824191287,1.2107089970209026,-1.1120074496891759,10
517,-1.248112936629702,-0.42638706053386044,-1.2383140496663523,1.3126936044365058,10
518,0.048156674024922484,-0.9545588218852453,0.0276050526454498,-0.20068615474733265,10
519,-1.3462295766500083,0.1550384718059799,-1.2134173290248398,1.4134486685831227,10
520,1.0482806785849765,1.1398436123041666,1.235766522913909,-0.6664484611111271,10
521,0.2979488980650208,-1.2948820841101536,-0.02234919388907383,-0.7470002074719982,10
522,1.4029314498305134,1.064378629034696,0.43847872902610296,-1.3601734987472534,10
523,-0.8558597348616922,0.27423712387661275,-1.3836286049063713,1.0154164975011055,10
524,-0.5470717149688213,-1.338615752911232,0.9451498758802764,0.34475700124615727,10
525,-0.7071067811865475,-0.5382954664465821,-1.331196889178665,1.2337535697285245,10
526,1.414213562373095,1.4017017024019296,1.0790426750252913,-1.2155328604924909,10
527,-0.7071067811865475,-0.8634062359553522,0.2521542141533793,-0.018220709236079626,10
528,0.41281974557901185,0.9475137088092594,0.2453340015198066,-0.23877533177451743,10
529,0.9649930865908545,0.43545342309662455,1.0835081195164642,-1.0877741938904582,10
530,-1.3778128321698617,-1.3829671319058723,-1.3288421210362709,1.3265495256649609,10
531,-0.9445918629322646,-0.7732272710702918,-0.9175109785886798,0.7922901346843539,10
532,-0.4391916764373517,1.4120841082718756,1.390758817146186,0.6183534574775423,10
533,1.3837835393696163,-0.6388568372015838,-0.47324783855754093,-1.4106435921618963,10
534,0.7938372182509883,-1.4109177997078772,0.8756525596244223,-0.777321337832738,10
535,0.616672458904236,0.6218932259764736,0.5239036438760355,-0.6344857787207434,10
536,-1.4105096771552248,0.7890245737314252,-1.3995562035004558,1.411807116553481,10
537,0.6942100623248637,-1.2097184646173482,1.190540430721675,-0.7114368900380008,10
538,-1.4141356267993055,1.2392376109384038,-1.2562998002606258,1.4142047054965718,10
539,0.7199255644744423,-0.0295191463210556,0.06575936953895153,-0.702767815458571,10
540,-1.4136520848256462,-0.6035378487219951,0.7767209823176282,1.2376857447822396,10
541,0.7413345529731391,1.4093819203438092,-1.4118488334083272,-0.026305533591153563,10
542,0.672317531852487,-0.8058440716218139,0.635127851090695,-1.2113802111910683,10
543,-1.1993349318040145,-1.2652774755484133,-1.0076280402026265,1.1360642814623707,10
544,1.248664223225181,0.0855512837027307,1.3631825670286848,-1.297428097183536,10
545,-0.049329291421166314,1.179726191845654,-0.3555545268260534,0.16136381572117248,10
546,-1.218212700471742,-1.1123740829917725,-1.4118872821958646,1.299462860752965,10
547,-0.012961461426980916,-0.20009856898217337,0.6357245070946164,-0.16646421118732652,10
548,1.2311741618987229,1.312472651973937,0.7761627751012551,-1.1329986495656124,10
549,0.5324932226572677,-1.3025390465722868,0.521974981183352,-0.6390008790157264,10
550,0.868362672023154,0.17425377499689867,0.8772816292846299,-0.7730920771527847,10
551,-1.4008558946804217,1.1282852715753617,-1.3992566104679813,1.41209295616851,10
552,-0.11926839093464835,1.4142135623731658,0.1064944057266872,0.1749481638764173,10
553,1.2800158112715345,-0.707106781186477,1.1680202560340471,-1.302811423982467,10
554,-1.1607474203368862,-0.707106781186477,-1.2745146617607344,1.1278632601060499,10
555,0.40924163832187105,1.4141943834436994,-0.03909224533573899,-0.40328340801610346,10
556,-1.376965035292752,-0.7007187610981573,-1.2047307444116164,1.3755334663158856,10
557,0.967723396970881,-0.713475622345542,1.2438229897473525,-0.972250058299778,10
558,-1.392288929853553,-0.5219242869095614,-1.3521390229953576,1.3745060165049572,10
559,0.48132209212674915,1.3992486974693896,0.31719620952347,-0.39906919895057374,10
560,0.9109668377268066,-0.8773244105598352,1.0349428134718859,-0.9754368175543824,10
561,0.7842317995072631,-0.11031835600600406,0.5820019395900429,-0.7227143611131783,10
562,0.6270677752928236,-1.1658536782954436,0.8252227115229614,-0.6913835112477031,10
563,-1.411299574800088,1.2761720343014562,-1.407224651113005,1.4140978723608801,10
564,-0.4740692388157508,0.6896165511596838,-0.16198027471527715,0.7043794284910873,10
565,1.390916661735636,0.7244539744201136,1.2976748923177608,-1.414210060349576,10
566,-0.9168474229198925,-1.4140705255797974,-1.1356946176024836,0.7098306318584863,10
567,-0.7894527068421334,0.9509556712739179,0.6097494643655489,0.8066528958987282,10
568,-0.6214297948872258,0.43103332450061993,-1.4099331890208973,0.6026473733569593,10
569,1.4108825017293427,-1.3819889957745377,0.8001837246553373,-1.4093002692556875,10
570,0.9263995302898445,0.19380151759392053,0.7976750720930672,-0.9036795434703128,10
571,0.46218552364513954,1.116289551432115,0.6124912233195763,-0.4902443338705817,10
572,-1.3885850539349844,-1.3100910690260354,-1.4101662954126402,1.3939238773408957,10
573,0.5358526357464751,1.0673657729004618,0.5836837306776481,-0.579915651343599,10
574,0.8654961384830262,0.26977696328119755,0.8237230036431047,-0.8270799436068612,10
575,-1.4013487742295014,-1.3371427361816592,-1.4074067343207521,1.406995594950461,10
576,-0.1784821402932561,-1.371399232440485,-0.1706815758129809,-0.10824912936211474,10
577,-1.1257108195170165,0.3866208490932514,-1.1304514845473574,1.275276313848313,10
578,1.3041929598102675,0.9847783833472695,1.3011330603603435,-1.1670271844862068,10
579,-0.9267452801503162,-0.5150262770862332,-0.5482823746502227,1.0645723531362905,10
580,1.3884982473790168,1.3981537262976504,1.4030963805174428,-1.3385208066252992,10
581,-0.4617529672287015,-0.8831274492114314,-0.8548140058672201,0.273948453489009,10
582,-0.9247123950367879,1.3386247707891494,-0.062056893225840765,1.34216551271949,10
583,-0.46429381184272633,-1.0643602208174225,-1.1925367157312756,-0.2851503758190172,10
584,1.389006206879537,-0.27426454997170974,1.2545936089571077,-1.0570151369004614,10
585,1.2035652801038934,1.271793652256667,0.7475021009400803,-1.1388457609662308,10
586,-1.244879026604015,-1.1715325974876936,-1.4134291048780498,1.295558370283011,10
587,0.04131374650011334,-0.10026105476896562,0.6659270039379696,-0.15671260931678513,10
588,-1.4126112495989263,-0.38795738196504537,-1.413574696543366,1.4141753729444086,10
589,0.7645902122126035,1.3717379203388766,0.743596762410585,-0.7160882930160672,10
590,0.6480210373863227,-0.9837805383738802,0.6699779341327793,-0.698087079928341,10
591,-1.377447195454479,0.9840680795993788,-1.356081478668115,1.3916537412196774,10
592,0.4112719482440531,0.38757241256136105,0.33050330622796736,-0.477939518035265,10
593,0.9661752472104278,-1.37164049216074,1.0255781724401511,-0.913714223184412,10
594,0.5488355775203149,1.0779396605734834,0.9258903885563731,-0.514747979164173,10
595,-1.403171363122586,0.25383188901136017,-1.3887125739606825,1.3981087915671053,10
596,0.854335785602269,-1.3317715495848559,0.4628221854043132,-0.8833608124029328,10
597,-1.3725836190106182,1.276607710600889,-1.3297490438355997,1.3932619491398008,10
598,0.981267497686193,-0.11132703899277459,1.0817985081715675,-0.9066687231042333,10
599,0.39131612132442434,-1.1652806716081145,0.24795053566402941,-0.4865932260355684,10
600,-1.4131015917283822,0.005993997806284537,-1.412154123172298,1.4136686333188333,5
601,0.6579923919464828,1.221736871777637,0.6400047579664883,-0.6728380466015441,5
602,0.7551091997818984,-1.2277308695839215,0.7721493652058098,-0.7408305867172879,5
603,1.0173285797146556,-0.05432105136734579,-0.04370078949173247,-0.4984327969506704,5
604,0.3420894469383635,-1.1966805250797705,1.2460103845953785,-0.8969395944824053,5
605,-1.359418026653011,1.2510015764471083,-1.202309595103639,1.395372391433079,5
606,0.7687320582168669,1.3693164555820638,0.7654829175609476,-0.7015124463060761,5
607,0.6436360462796672,-0.3785057602946897,0.6470774219902091,-0.7126864014197458,5
608,-1.412368104496536,-0.990810695287406,-1.4125603395511586,1.4141988477258205,5
609,-1.4122801432697636,-0.36823752209862354,-1.0267260936336728,1.1584040046927782,5
610,0.770160362906025,1.3666164758415995,-0.32888106654270716,0.12334701475761391,5
611,0.6421197803637543,-0.9983789537429925,1.3556071601763802,-1.281751019450392,5
612,-0.6739845484314162,-1.3834722254047045,-1.214258610588024,0.45668224098367155,5
613,1.4137042233259474,0.9457114090410115,1.2349684725650825,-1.3874705343527711,5
614,-0.739719674894538,0.4377608163637064,-0.020709861977061518,0.9307882933691033,5
615,1.4142135623731136,-0.933780177645575,1.4142135623730927,-1.2881292543715561,5
616,-0.7071067811865291,1.3866949240335744,-0.70710678118655,1.1495765143102408,5
617,-0.7071067811865291,-0.4529147463880126,-0.70710678118655,0.13855274006130547,5
618,-0.00637515288273221,0.09106293149290898,0.8823774277718449,0.10574296598142174,5
619,-1.2215448506909,-1.2677346636153435,0.5159202434533512,1.1684449456464745,5
620,1.227920003573632,1.1766717321224345,-1.3982976712251856,-1.2741879116278962,5
621,0.44340907412956343,-1.2287695727055148,0.004632014096005748,-0.6205280753467417,5
622,0.9412835517541334,0.008089476380117562,1.222422294930857,-0.790285225549249,5
623,-1.384692625883697,1.2206800963254059,-1.2270543090268626,1.4108133008959907,5
624,-1.4096757152217114,-1.193004090160803,-1.409613076294771,1.4141634865700277,5
625,0.6068032543545728,-0.061187798724948284,0.6060987301781368,-0.6967751949259965,5
626,0.8028724608671389,1.254191888885744,0.8035143461166342,-0.7173882916440322,5
627,0.7401674256997259,1.2014262133173632,-1.2730624809844444,1.3354210636415864,5
628,-1.41369002580978,-1.246802334602799,0.10316088170548643,-0.2646126068859264,5
629,0.6735226001100367,0.04537612128545427,1.1699015992789643,-1.0708084567556462,5
630,0.3302920649800423,0.38536433988430524,-0.4501341307888162,-0.281692175440181,5
631,-1.356019814155574,-1.371079702254226,-0.9359817915553196,1.3410490450243053,5
632,1.0257277491755314,0.9857153623698867,1.3861159223441204,-1.059356869584172,5
633,1.226190540783471,0.8334964706846284,1.0651445727816482,-0.37649319220841965,5
634,-0.002896476333721713,0.5726772166333323,0.2730953121294077,1.3687929345278855,5
635,-1.2232940644497494,-1.4061736873179527,-1.3382398849110504,-0.9922997423194533,5
636,-1.4134523218626405,-0.020289155212985566,-1.3969376270281673,1.4116958432873015,5
637,0.6665465595665401,1.2347634010105635,0.5076182184280699,-0.6327990713171998,5
638,0.7469057622961012,-1.2144742457975672,0.8893194086000964,-0.7788967719701013,5
639,1.306225820542515,1.3095341431939072,1.3696872425061513,1.3136118184775334,5
640,-0.18371906784142686,-0.19233843293249525,-0.37993766314973004,-0.20313422975335818,5
641,-1.1225067527010741,-1.117195710261399,-0.9897495793564239,-1.1104775887241751,5
642,0.7786621830633713,1.4142135623730756,0.8252438019655743,-0.7359809174216979,5
643,-1.4117125778176214,-0.7071067811865669,-1.4072220721511084,1.4138150457680365,5
644,0.6330503947542493,-0.7071067811865669,0.5819782701855324,-0.6778341283463392,5
645,0.7071067811865476,-1.2222094814319526,0.7071067811865592,-1.413776513597389,5
646,-1.4142135623730951,-0.005055131089516578,-1.4142135623730832,0.7373345570717068,5
647,0.7071067811865476,1.2272646125214828,0.7071067811865592,0.6764419565256744,5
648,1.226690313383102,-0.5373930536889233,1.3355677645218875,-1.3968912264364657,5
649,-0.0039001991366868693,1.4015718639337549,-0.26505064576623094,0.507340469047249,5
650,-1.2227901142464153,-0.8641788102448206,-1.0705171187556566,0.8895507573892254,5
651,0.8548179160753993,0.20883878423593238,1.0362174056092575,-0.7511972507224203,5
652,-1.4030957662745354,1.1068979782062243,-1.351589426177588,1.4132772932928117,5
653,0.548277850199136,-1.3157367624421803,0.31537202056834107,-0.6620800425703985,5
654,0.7446977206469777,0.38203563839939936,-0.5774948456464036,-1.188282453986351,5
655,-1.4135351926614603,-1.3702279693614818,-0.8292305632923018,-0.06992850365346154,5
656,0.6688374720144827,0.9881923309620824,1.4067254089387056,1.2582109576398401,5
657,-1.4043175199292515,0.35816536793580517,-1.303500862951484,0.7107198581810942,5
658,0.8467935670300991,-1.3638983560910212,1.1267916141257857,-1.4142073979878742,5
659,0.5575239528990638,1.005732988155216,0.1767092488256983,0.7034875398067914,5
660,1.080848903306003,-0.7071067811865372,0.5507459177005387,-1.2170331535657846,5
661,0.24940099499116555,1.4142135623731051,0.8526825365054049,-0.01528044736942055,5
662,-1.3302498982971684,-0.7071067811865372,-1.4034284542059492,1.232313600935213,5
663,-1.0750592002250259,-0.7071067811865475,-0.6311390061801198,0.0025504647812117894,5
664,-0.2582001197098935,-0.7071067811865475,1.4115839492350335,-1.2260181120789304,5
665,1.3332593199349194,1.414213562373095,-0.78044494305492,1.2234676472975552,5
666,-0.85044685298509,-1.0993179922874279,0.9222925273890801,-1.285931115684029,5
667,1.4037708768933013,1.3201296080912786,0.46731071993028817,0.13327361726743123,5
668,-0.553324023908206,-0.2208116158038475,-1.3896032473193558,1.1526574984166298,5
669,-0.3407988196346583,1.3995092036221126,-0.3539749782189965,0.33343615727594855,5
670,1.3590507983252116,-0.875909339847683,1.3627472818568092,-1.3569345491868352,5
671,-1.018251978690554,-0.5235998637744246,-1.0087723036378127,1.023498391910886,5
672,-0.9528138545900224,-1.3937371992321546,-0.7368635053639581,0.6591533758662835,5
673,-0.4286396565204246,0.9045280915912252,1.4137901270431563,0.7539996223990172,5
674,1.3814535111104378,0.4892091076409405,-0.6769266216792162,-1.413152998265305,5
675,0.8883328974815923,-1.4103926608127921,0.4337197011917621,-0.9351375050665635,5
676,0.5088018075190694,0.7951652513959384,0.9488654239000376,-0.4512012866840395,5
677,-1.3971347050006617,0.6152274094169137,-1.3825851250918082,1.3863387917506131,5
678,0.7229821919571782,1.1739354507809565,0.5474550422121535,-0.6877436201137067,5
679,0.6911116603281735,0.09597199965834163,0.8555287529820378,-0.7262947819953712,5
680,-1.4140938522853528,-1.269907450439319,-1.4029837951941884,1.4140384021090762,5
681,0.2752453266782741,-0.5622076133916974,0.5273930438553223,-0.3773175504613848,5
682,-1.3389469358011263,-0.8427030937917218,0.8726979663420495,1.3690077065155715,5
683,1.0637016091228522,1.4049107071832974,-1.4000910101973616,-0.9916901560541959,5
684,0.8173875670304361,-1.2562258736972411,1.2516212719091384,-0.9204232491383726,5
685,-1.4081477213973257,0.06559856752963861,-0.055650006150646456,1.3900588065481225,5
686,0.5907601543668839,1.1906273061674937,-1.1959712657584982,-0.4696355574097547,5
687,-0.8704695519858152,0.004331672062575471,-1.3282452502642887,0.37706539170348585,5
688,1.400487110514405,-1.2269049623201707,0.24361886015166662,-1.3689420603455316,5
689,-0.5300175585286087,1.2225732902575952,1.0846263901126318,0.9918766686420383,5
690,-1.145883125968579,0.626372022428876,-1.40958101038182,1.098856145860873,5
691,-0.14484245482006744,0.7848775421097216,0.8038411557603298,0.22153650344635542,5
692,1.2907255807886409,-1.4112495645385197,0.6057398546214903,-1.3203926493072242,5
693,-1.1165089397213164,0.391359488634897,1.2508523109309486,0.9422096449570962,5
694,1.3099564325039537,-1.372594487615212,-0.0540012941065823,-1.3844397767600376,5
695,-0.1934474927826602,0.981234998980247,-1.1968510168243665,0.44223013180293413,5
696,-1.3804947429933772,1.3859218540470628,1.2858553737743368,1.3843605654464046,5
697,0.9560963858370284,-0.9367137954293494,-1.1527629233133552,-0.9424988170503229,5
698,0.4243983571563651,-0.44920805861771346,-0.13309245046098164,-0.44186174839609305,5
699,1.239356081961647,-0.42154134207550203,0.8603071387174288,-1.2494636389921727,5
700,-0.02976501639287291,1.3798417435952988,0.541908013208909,0.0510328905034276,5
701,-1.209591065568776,-0.9583004015198314,-1.402215151926338,1.1984307484887484,5
702,0.5325041402308244,1.2392756637327187,1.1872010634040298,1.1556849032595329,5
703,0.8683533703253278,-0.029598111203537485,-1.259119296493254,-1.2837420927144687,5
704,-1.400857510556186,-1.2096775525291903,0.07191823308920879,0.1280571894548694,5
705,0.07605506331333906,-0.7071067811865475,-0.3159928270335164,-0.3003160587474203,5
706,-1.2610000254226998,-0.7071067811865475,-1.0357838845060903,1.3469695010114997,5
707,1.1849449621093606,1.414213562373095,1.3517767115396098,-1.0466534422640799,5
708,1.1405512120414516,0.7521969300684387,-1.2684525069421924,0.34493739918633703,5
709,-1.2944007330071272,0.6610369329716169,0.0926810769400423,1.0152870172871575,5
710,0.15384952096573906,-1.4132338630400472,1.1757714300021502,-1.3602244164735144,5
711,-1.1435157736112365,1.3721960273413465,-1.0370383020535552,1.3061571601867905,5
712,1.2923678760693822,-0.3897729440065124,1.351233790057105,-1.1226156975501338,5
713,-0.1488521024581406,-0.9824230833348341,-0.31419548800355274,-0.18354146263666382,5
714,0.9356227042495905,-0.7035019200475784,1.0406285058529512,-0.9452704877563236,5
715,0.4505881341933916,1.4142074468349184,0.30903442803026837,-0.4383245679317192,5
716,-1.386210838442984,-0.7107055267873129,-1.3496629338832196,1.3835950556880412,5
717,-0.707106781186566,-1.3232153618928368,0.7637677124419191,-1.3572869506404992,5
718,1.4142135623730767,1.0938412168250122,-1.4126574303260697,0.3346535042225324,5
719,-0.707106781186566,0.22937414506780207,0.6488897178841588,1.0226334464179205,5
720,-1.00160134839359,-0.8664518678704386,-0.9094419518307854,1.3263514866731008,5
721,-0.36383569687031814,-0.534733709075723,1.3926370181002345,-0.23821245039232744,5
722,1.3654370452639082,1.4011855769461616,-0.48319506626940906,-1.0881390362808139,5
723,-0.4997970666183231,-1.3537117100894647,-1.1077350307542126,0.14769867079457993,5
724,1.3956088671849558,0.3224571325935062,-0.20750777068749696,-1.2918964719992072,5
725,-0.895811800566639,1.0312545774958923,1.3152428014417221,1.1441978012046325,5
726,1.1705948097861862,1.1683804282115657,0.8010483181748942,-0.8431850183669202,5
727,0.10192951794697219,-1.2742375901816005,0.6088029405001348,-0.5616568328459126,5
728,-1.2725243277331637,0.10585716197001385,-1.409851258675029,1.4048418512128242,5
729,-1.4072107130179028,-0.9526763312466764,-1.4113135731011266,1.4129312649238055,5
730,0.5818740668758648,-0.42881699008854535,0.7840500183081617,-0.6543222680651577,5
731,0.8253366461420378,1.381493321335204,0.627263554792961,-0.7586089968586468,5
732,-1.4053296314439905,-1.2143465084004952,-1.378208373220121,1.4017211865397432,5
733,0.5656010705552937,1.2348849062759792,0.4145021837232244,-0.5384312658557322,5
734,0.8397285608886981,-0.020538397875483876,0.9637061894968956,-0.8632899206840122,5
735,0.7071067811865592,0.43298733556321006,0.707106781186603,0.16328674958012565,5
736,0.7071067811865592,-1.3824231148029062,0.707106781186603,-1.2981971459233799,5
737,-1.4142135623730836,0.9494357792397035,-1.4142135623730396,1.13491039634323,5
738,-0.9649868996974281,1.0017706939612372,-1.3114880856493538,0.9904579128367926,5
739,1.3778147399782836,-1.3653745646926287,0.19748729066510184,-1.3694399390617404,5
740,-0.41282784028081276,0.36360387073137185,1.1140007949842545,0.37898202622494004,5
741,-1.074937008085841,-0.7071067811865556,-1.0144779091038025,0.7140722559953095,5
742,1.3333220216487658,-0.7071067811865556,1.3605419071749916,-1.4141906152478991,5
743,-0.2583850135629179,1.414213562373087,-0.3460639980711854,0.7001183592525896,5
744,1.0481318614997557,-0.7137136313343259,1.4140603536373095,-0.9542678860701459,5
745,0.2981656063987598,-0.700479289521569,-0.7250575782774126,-0.42676295441031886,5
746,-1.3462974678985016,1.414192920855895,-0.6890027753598826,1.3810308404804694,5
747,0.6860172299821589,0.7219597444167865,0.7886023430560372,-0.6935335920476241,5
748,-1.4140059399763958,-1.4141088270763316,-1.4109524187091242,1.4141272634977298,5
749,0.727988709994239,0.6921490826595451,0.6223500756530845,-0.7205936714501051,5
750,0.32406943727251974,1.4141890560426833,0.4364273246446821,0.16758293417963038,5
751,1.030120577400887,-0.7143046130986282,0.946753458556015,-1.2999069920827344,5
752,-1.3541900146733972,-0.6998844429440643,-1.3831807832007024,1.1323240579031089,5
753,0.5155150750454173,-0.892712660176239,0.11106758460849521,-1.2252888862137123,5
754,-1.3982325068011427,-0.5035373901620891,-1.2764957056074158,0.0010887555436850077,5
755,0.8827174317557742,1.3962500503383395,1.1654281209989146,1.224200130670033,5
756,0.575578763769308,0.14233228850489443,0.10539420459822589,-0.7089871289398061,5
757,-1.406508209393758,-1.2896923605222161,-1.274036140497692,1.4142118941444761,5
758,0.8309294456244527,1.1473600720173218,1.1686419358994662,-0.7052247652046711,5
759,-0.6087268694116545,0.3619069080882523,-0.3030100853322167,0.7207883325980026,5
760,1.4098446416208121,1.0030091899647553,1.3478071224687864,-1.4141247460455264,5
761,-0.8011177722091614,-1.3649160980530075,-1.0447970371365782,0.6933364134475178,5
762,0.986401512091339,1.4052123738983284,0.38241943728334626,-0.07256210020237693,5
763,-1.3708447856544554,-0.8405686390231212,0.9879071248012914,1.2594127094946914,5
764,0.38444327356309804,-0.5646437348752241,-1.3703265620846494,-1.186850609292282,5
765,-0.1705513828689875,1.2341845309605002,-0.6266501057545896,0.9772472251139406,5
766,-1.1305302837733466,-0.01910279429085741,-0.7846194965960911,0.3966678059913668,5
767,1.3010816666423488,-1.2150817366696334,1.4112696023506839,-1.3739150311053074,5
768,0.9363504108007714,1.392549354954655,0.8170094715303143,1.117198344380177,5
769,-1.3860182917418948,-0.9098272951422594,0.5911810361513573,0.1923341767069765,5
770,0.4496678809411529,-0.48272205981236704,-1.4081905076816716,-1.3095325210870639,5
771,0.5476279988957217,-1.4141906995829547,0.7532497835606208,-0.6363629033480298,5
772,0.8553793768695437,0.7140594656589969,0.6599372494704715,-0.7755651786896404,5
773,-1.4030073757652664,0.7001312339239412,-1.4131870330310938,1.4119280820376696,5
774,-0.7071067811865502,0.9200541664905438,-0.05299899123025752,0.7685181494090493,5
775,-0.7071067811865502,0.47009400996922085,1.2503840204770258,0.6438629465174996,5
776,1.4142135623730925,-1.390148176459779,-1.1973850292467683,-1.412381095926554,5
777,0.051733557165804786,1.4142135081965566,0.8192674041690728,0.4036477697241793,5
778,1.1980583536442428,-0.7074457611471805,0.5886651962167516,-1.375621720308009,5
779,-1.2497919108100433,-0.7067677470493926,-1.4079326003858148,0.9719739505838261,5
780,0.70710678118646,1.3813111194013286,-0.7071067811865327,1.3667381761413293,5
781,-1.4142135623731826,-0.4280061858889624,1.4142135623731098,-0.3686945444412275,5
782,0.70710678118646,-0.953304933512374,-0.7071067811865327,-0.998043631700112,5
783,-0.49071423463648456,0.707106781186549,-1.077790222756405,1.017607173683635,5
784,1.3940083502623,0.707106781186549,1.33184919378022,0.34170022270327327,5
785,-0.9032941156257523,-1.4142135623730938,-0.2540589710238086,-1.3593073963869018,5
786,-1.3793874502259686,1.3781749995516834,-1.2265427260668973,1.410224974362366,5
787,0.41956839009359365,-0.9638150975122863,0.0036036618639606376,-0.7970316977059709,5
788,0.9598190601323617,-0.4143599020393972,1.2229390642029367,-0.613193276656391,5
789,-0.7335035455636537,-1.335666078577926,0.2447311960486065,-0.22044709663713696,5
790,-0.680377355589727,1.07032166633599,-1.3286325590492947,1.3199972082187037,5
791,1.4138809011533746,0.2653444122419298,1.0839013630006842,-1.099550111581589,5
792,1.3368960746627392,1.3975421739093254,1.043255910536764,-1.30292990454692,5
793,-1.0678621885122204,-0.8862728312361224,-1.348497248958492,1.127679450034725,5
794,-0.2690338861505186,-0.5112693426732183,0.30524133842172574,0.175250454512205,5
795,0.7356077827667178,-0.9325379133167786,0.8089682108675416,-0.7551457029540168,5
796,0.6782175675025364,1.3870185318253208,0.6000943262251641,-0.6579541764090641,5
797,-1.4138253502692528,-0.45448061850855626,-1.4090625370927068,1.413099879363081,5
798,0.8324633524061038,-0.7631741098526507,-1.191606523413224,-1.2602228825833515,5
799,-1.406309236384876,-0.6495162175628703,1.255390572090376,1.1858800214219147,5
800,0.5738458839787721,1.4126903274155436,-0.06378404867714411,0.07434286116142168,5
801,-1.3261675646509272,-1.1474482197860845,0.6763331689111401,1.3318453102172703,5
802,1.0884773563846786,1.2896304844856334,-1.413773428740662,-0.25404761066047077,5
803,0.23769020826624188,-0.14218226469956066,0.737440259829559,-1.0777976995568181,5
804,0.5593602168638755,-0.010327160089898183,0.47411570934938835,-0.6046641956273104,5
805,0.8451919335543939,-1.2195486360790238,0.9168098676449377,-0.8048200633163237,5
806,-1.4045521504182685,1.2298757961689752,-1.390925576994326,1.409484258943634,5
807,-0.1502736184156611,0.9449865362370485,-1.3587653509331061,1.1816031453005298,5
808,1.292947705737427,0.438687468479893,1.0189670402829094,0.08214753780455206,5
809,-1.1426740873217471,-1.3836740047169378,0.33979831065018584,-1.2637506831050755,5
810,-0.7371241334629668,-0.17944675861063017,-0.29849829497781555,0.3256095134925138,5
811,-0.6766584884145712,1.3045686968738126,1.346401633984027,1.0290357667896697,5
812,1.4137826218775564,-1.1251219382631823,-1.0479033390062649,-1.3546452802821725,5
813,0.7320807325892577,-1.2625520692196273,-0.7298792519523619,-0.9397377308810757,5
814,-1.4139160033473723,1.1830655817941804,-0.6840871649958539,1.385111864795828,5
815,0.6818352707580982,0.07948648742544698,1.413966416948223,-0.44537413391474723,5
816,0.20896231970533627,-1.0984972055200386,-0.1765835193447217,-0.8931775942591732,5
817,1.1068202319188167,1.320596719435298,1.3034517061493125,-0.5029770714835636,5
818,-1.3157825516241433,-0.22209951391525967,-1.1268681868045962,1.3961546657427368,5
819,-1.182601229576743,1.2387390077394167,-0.023532345603720906,1.403331106495897,5
820,1.2629335121755398,-0.028485206372660145,1.2363414753181188,-0.5500200648358264,5
821,-0.08033228259878407,-1.2102538013667514,-1.2128091297144017,-0.8533110416600707,5
822,0.5285547010399129,-0.7139712493860787,0.5381031428274909,-0.6154378711624361,5
823,0.8717122823581149,-0.7002200276223236,0.8635709410586946,-0.7949719413440813,5
824,-1.4002669833980281,1.4141912770084089,-1.4016740838861856,1.410409812506518,5
825,-1.2076809955858196,0.750681839108694,0.7122403538508799,1.1804240806471111,5
826,-0.03344276707102216,0.6626174525995,-1.4142011089716495,0.08428721273111922,5
827,1.2411237626568419,-1.4132992917082137,0.7019607551207758,-1.2647112933782325,5
828,1.0323971690615317,-0.7071067811865476,-1.3645207329107605,-1.3838213186141086,5
829,0.3208301270349134,1.4142135623730951,1.0040714555938852,0.9444555436579991,5
830,-1.3532272960964453,-0.7071067811865476,0.36044927731687515,0.4393657749561095,5
831,0.7128501438419653,0.5144891771554889,0.18999558935153463,-0.7433077041772163,5
832,0.7013478263508379,0.8835777748699577,1.118643938711904,-0.6702771641898675,5
833,-1.4141979701928031,-1.3980669520254467,-1.3086395280634315,1.4135848683670837,5
834,1.0580723888441765,0.331384434467065,0.7423023029830006,-1.1249433662435044,5
835,-1.341662870685047,-1.3563383726654086,-1.4136196010090842,1.3046824463545081,5
836,0.2835904818408704,1.0249539381983437,0.6713172980260914,-0.1797390801109995,5
837,0.8128552261004361,-0.26666521343480787,1.2198903628237006,-0.7479840733938657,5
838,0.5957948103922565,-1.0694422051064074,0.009651967562703048,-0.6654260069514547,5
839,-1.4086500364926926,1.3361074185412314,-1.2295423303864037,1.4134100803453198,5
840,0.07179102627796706,-0.6548328430815861,0.3014415352726679,-0.2719714993626328,5
841,-1.2590612976545015,1.4129556703550725,-1.3473200115811654,1.3378691165896133,5
842,1.1872702713765382,-0.7581228272734797,1.0458784763084976,-1.0658976172269872,5
843,0.5995776917314656,1.348363265847944,0.8314439935997858,-0.5898266329937307,5
844,-1.4090137751219571,-0.30480732753186723,-1.4064417675373755,1.4080523047900884,5
845,0.8094360833904912,-1.0435559383160768,0.5749977739375887,-0.8182256717963565,5
846,0.7360184939121328,-0.9415864470135155,0.7355966071469741,-0.7422399425127157,5
847,0.6777955065541134,-0.44302361924695266,0.6782290496374103,-0.6713817797273226,5
848,-1.4138140004662454,1.3846100662604601,-1.4138256567843843,1.4136217222400387,5
849,-1.3838629561068994,0.6259358316596343,-1.4092521327695762,1.4141151111008423,5
850,0.9443051871364319,0.78528216998103,0.8071264064490983,-0.721508832905857,5
851,0.43955776897047577,-1.4112180016405849,0.6021257263204802,-0.6926062781949648,5
852,0.8439005436573622,-1.3906110420512152,1.2606660145260156,-0.890473693054458,5
853,-1.4047391119724357,0.4724811567968755,-1.185347331280252,1.3967054227206142,5
854,0.5608385683150735,0.918129885254325,-0.07531868324576718,-0.5062317296661535,5
855,1.3938629749727904,1.1880621350277436,1.3224340776436514,-1.4096025142144084,5
856,-0.48990611404148476,0.070334248020438,-1.0952401749736738,0.6059803891677457,5
857,-0.9039568609313022,-1.2583963830481708,-0.2271939026699917,0.8036221250466701,5
858,-1.2647160181341086,-1.3090600466478644,-1.3682578944252648,1.2429593776748682,5
859,0.08429775224645551,0.1910957284096726,0.3744472545713065,-0.037280245934936417,5
860,1.1804182658876472,1.1179643182382288,0.9938106398539673,-1.2056791317399231,5
861,0.700896798265148,-0.3614552819114976,0.8146471464015316,-0.6984941942924721,5
862,-1.4141954360902558,1.364793753714538,-1.4084541941213733,1.414178735987332,5
863,0.7132986378251088,-1.0033384718030403,0.5938070477198425,-0.7156845416948603,5
864,-0.35344020323135117,-0.6655118054120535,-0.9229856320032005,-0.1254574098117554,5
865,1.3625995293210524,-0.7479015488681885,1.3894330847348522,-1.1571874105473514,5
866,-1.009159326089705,1.4134133542802523,-0.4664474527316516,1.282644820359105,5
867,0.14553853864710817,1.409101469741533,-0.9533175961690683,0.32793647535894294,5
868,1.1454728660199738,-0.808592966580724,1.381307442932809,-1.3553301688728705,5
869,-1.291011404667074,-0.6005085031608091,-0.4279898467637452,1.0273936935139276,5
870,-1.2306680518390065,1.3413918491354107,-0.6940154997231701,1.2947123166683405,5
871,0.011933570469658572,-0.2827514307224829,-0.7201177650653086,-0.15461889284629382,5
872,1.2187344813693548,-1.0586404184129157,1.4141332647884866,-1.1400934238220504,5
873,0.3723770664142519,-0.3786032412230108,0.9859884760938833,-0.7982350109854923,5
874,-1.3677136028973702,-0.9907385012918022,-1.3709862902646992,-0.6118798488201577,5
875,0.9953365364831184,1.369341742514813,0.3849978141708071,1.4101148598056867,5
876,0.2893201955057162,-1.414206547912561,-0.19515092058183015,-0.6487725702221148,5
877,-1.3435013584518747,0.7109607188294904,-1.1154526056032965,1.412651240944666,5
878,1.054181162946152,0.7032458290830392,1.310603526185124,-0.7638786707225733,5
879,0.479997552520265,-0.5026602901100966,1.106732387186096,-0.5148606933498966,5
880,-1.3920412069808585,1.3961006349611311,-1.315834269885442,1.3981269977756903,5
881,0.9120436544605912,-0.8934403448510484,0.20910188269934618,-0.8832663044257937,5
882,1.1267092321622192,-1.3185542810587259,1.3736440114742772,-1.2120802121217131,5
883,-1.3035537309281329,1.1020648503026567,-0.3955719459849532,1.237028354396146,5
884,0.1768444987659138,0.2164894307560762,-0.978072065489314,-0.024948142274432955,5
885,-1.3860959932262165,-1.4078848939903923,-0.6996470068249139,0.8867664203254396,5
886,0.45003889560727767,0.5882052707929952,-0.7145404143246599,0.5106786257983024,5
887,0.9360570976189491,0.8196796231973816,1.4141874211495737,-1.3974450461238048,5
888,-1.2826335867656504,1.3571995317628758,-1.2905423088683723,1.3082214442141749,5
889,1.157202741607345,-1.0228483290403645,1.146145801192752,-1.1193176542068093,5
890,0.12543084515830566,-0.3343512027224741,0.1443965076756205,-0.18890379000735724,5
891,-1.0567471585945907,0.7193204831757856,-0.16355549362846106,1.252194940249068,5
892,1.3422925446136809,0.6948223480563267,1.298304442114407,-1.1953126084606245,5
893,-0.285545386019086,-1.4141428312321382,-1.134748948485941,-0.05688233178844344,5
894,1.270969921264506,0.8949732047522916,1.288253440558025,-1.0695685089380618,5
895,-0.09838478894111334,-1.3957836139086988,-1.149401204760279,-0.26647563065938884,5
896,-1.1725851323234093,0.5008104091563842,-0.13885223579773773,1.3360441395974507,5
897,-1.105731999982201,0.8549576586488323,-1.0255021376891622,1.3965574565246184,5
898,1.3164218644578192,0.5481161437244746,1.356112808666952,-0.5053526984760005,5
899,-0.21068986447563387,-1.403073802373317,-0.330610670977796,-0.8912047580486274,5
