,ID,EAR,MAR,CIR,MOE,State
0,105,0.3044955489514715,1.0022932379684206,0.5888770493161081,3.291651524693254,0
1,105,0.2684724880873037,0.9645625267574937,0.5515191125332817,3.5927797802649724,0
2,105,0.3058446253877907,1.0244735198597383,0.5960016416660391,3.34965349991282,0
3,105,0.3095740416182957,1.0333192947954042,0.6114619178495067,3.3378744851917688,0
4,105,0.3048320191028142,1.0284632810918786,0.5641304929818033,3.373868939748737,0
5,105,0.3039024315435616,1.0022932379684206,0.5947631213965237,3.298075743841987,0
6,105,0.3003524482701226,0.9952811026355606,0.5886225041925532,3.3137106368463902,0
7,105,0.3182282518573532,0.9653879525134312,0.6003844820450727,3.0336337106429165,0
8,105,0.2822181613063262,0.9606084896094008,0.5821577657553756,3.403779845928248,0
9,105,0.3024243125749652,0.9517466268239138,0.6199791034958771,3.1470572544923745,0
10,105,0.2949959061293416,0.960659614118316,0.5673003550993738,3.25651846062268,0
11,105,0.2981997265643899,0.9795538911012244,0.650435502076084,3.284891982923098,0
12,105,0.3216251207979575,1.0479698109260769,0.613266598012651,3.2583580795120897,0
13,105,0.3035714285714285,1.0439310611776496,0.6301122254816602,3.43883173093814,0
14,105,0.2414795717267527,0.9026384320209206,0.5242333994126935,3.737949448752149,0
15,105,0.333743337588356,1.093895155789332,0.6093800168337027,3.277653911217723,0
16,105,0.307093752533865,1.020688180687087,0.6081477501596613,3.323702199296712,0
17,105,0.2795329429839729,0.9992009587217896,0.619307269276261,3.5745373981880872,0
18,105,0.293566479456233,1.0158194138013932,0.5701796596305653,3.460270449415662,0
19,105,0.2844404846389389,0.9599178389041626,0.5908921442564813,3.3747581330507725,0
20,105,0.307518795993389,1.0281016808300074,0.5724890205678457,3.343215745590099,0
21,105,0.3245114671436008,1.006781828639865,0.6181760496025882,3.102453782301476,0
22,105,0.3038338068386285,1.0279199124051042,0.5932650569804152,3.3831650371647104,0
23,105,0.2314814814814814,1.007593123457591,0.5131965047886196,4.352802293336793,0
24,105,0.2818181818181818,1.011733734840641,0.5738073775913508,3.590022930079694,0
25,105,0.2984890910291223,0.9552436450748776,0.6287795839093794,3.200263171365544,0
26,105,0.2843137756781758,0.9969241212166414,0.5715619181818123,3.506422152210778,0
27,105,0.3017241379310345,0.9787081456390472,0.5988625306854941,3.243718425546557,0
28,105,0.3035714285714285,0.9369579940453096,0.6301122254816602,3.0864498627374903,0
29,105,0.2899606953459218,0.9476730929955433,0.5283423308605892,3.268281212613915,0
30,105,0.2894736842105263,0.963550267901964,0.5941139996428594,3.328628198206784,0
31,105,0.3127623782672,1.0138518606938096,0.5809979680873139,3.241604269384513,0
32,105,0.3138420435891719,1.0124228365658294,0.6237114587804015,3.2258993249837467,0
33,105,0.2817716118464818,0.9025900341329328,0.5787564489680588,3.2032681653703725,0
34,105,0.2843972881586009,0.9523443776430992,0.549438078542414,3.348640853115314,0
35,105,0.3108438968860559,0.9360099164172626,0.6102403955140643,3.01118962216707,0
36,105,0.2681050948421941,0.8757451978429777,0.5394263401479953,3.266425050066426,0
37,105,0.3052761235362896,0.9573523292106892,0.6319088764100167,3.1360209836288893,0
38,105,0.2968165757437169,0.9594961231931892,0.6058364149281186,3.2326231134128305,0
39,105,0.3086123793417404,0.9845600711950102,0.6007454211409592,3.190280549649508,0
40,105,0.2835388420556932,0.9984022068376488,0.5653705685901474,3.5212184672798394,0
41,105,0.3082905181788766,1.0158800101990153,0.6468258044919615,3.295203550858416,0
42,105,0.2969238821202149,0.961852464297478,0.6011019219748766,3.239390706565176,0
43,105,0.3000877307761379,0.9885385180198184,0.6035542296970513,3.2941650612075737,0
44,105,0.2966887936143492,0.9802329931333564,0.61222300460141,3.303909733805153,0
45,105,0.2951508804898393,0.9759893846540484,0.6002333375708911,3.306747325416321,0
46,105,0.3227294290808877,0.9926131497842764,0.6365642856200163,3.0756821669817143,0
47,105,0.3001896130374674,0.9994222157541628,0.5903778488234783,3.329303121588761,0
48,105,0.2919806897331565,0.9731459619509356,0.5919948195213226,3.3329120594937347,0
49,105,0.2786510840681181,0.9919232898265584,0.6008643096092239,3.5597323912943253,0
50,105,0.2966887936143492,0.9844083389077036,0.61222300460141,3.317982883395611,0
51,105,0.2885922177082555,0.9960118731958024,0.5610920538116634,3.4512776578150617,0
52,105,0.3086123793417404,0.9884432842424564,0.5972046724493667,3.2028633665012785,0
53,105,0.2897475398410649,1.027737789389356,0.5906011618769302,3.547011270408372,0
54,105,0.2943723867678111,1.0385848721146318,0.532202890922553,3.528132796415531,0
55,105,0.3053797880035455,0.936780360666086,0.6048888239952057,3.067591233821964,0
56,105,0.3220635470939891,1.004098853265739,0.6156539582904843,3.1177041373537038,0
57,105,0.3051609561674862,0.9884690212227998,0.6232563417085006,3.239172643961317,0
58,105,0.3086123793417404,0.9877060586187756,0.6184444847980118,3.200474526412448,0
59,105,0.2976680004971475,0.9805277624350512,0.5726159736389802,3.29403147398253,0
60,105,0.3033551121895506,0.9764746744450724,0.5981059638848849,3.218916165272747,0
61,105,0.2951802284913832,1.0079334198912546,0.6046494683057624,3.414637304953092,0
62,105,0.3128182026066218,0.971639994426039,0.5891539548252699,3.1060852160444927,0
63,105,0.2951802284913832,1.0275950773049791,0.6046494683057624,3.481246296734865,0
64,105,0.294952991845072,1.0120079051074649,0.6370330966658343,3.431082013363796,0
65,105,0.3086123793417404,0.9961318069591648,0.6397030006168127,3.227776569053644,0
66,105,0.294952991845072,1.0120079051074649,0.6262313906056273,3.431082013363796,0
67,105,0.3173641321742616,0.9767160600311564,0.6301602992537021,3.077588047961421,0
68,105,0.311529995887718,0.9880424888119604,0.6215453305027628,3.1715805920919147,0
69,105,0.3007786501573093,1.0079040116730105,0.5789016064904222,3.350982561913453,0
70,105,0.3000877307761379,1.0079040116730105,0.6245388577866325,3.358697835017105,0
71,105,0.2502359723932183,0.9887854831354572,0.5394412592794466,3.951412235734395,0
72,105,0.2906204768008517,0.9885860097555502,0.5954981335459651,3.4016392122052053,0
73,105,0.2867378155753857,1.0117181295072128,0.5736229567015358,3.5283735682963093,0
74,105,0.2753521183016953,1.0237760896033337,0.5444905273121036,3.7180614259215967,0
75,105,0.2808039811045227,0.9887010052508588,0.5735025455763254,3.52096505669853,0
76,105,0.2708430367137652,1.0192647206403078,0.5482076711626863,3.763304137360919,0
77,105,0.2753521183016953,0.9618411318652677,0.566617819225034,3.493131404972182,0
78,105,0.2925095841405921,0.9882588110262154,0.587241367196373,3.378551899178857,0
79,105,0.2924692802911026,0.9734066988760656,0.5786763650034649,3.3282356967788465,0
80,105,0.318023731136339,0.9924011056925842,0.593572201949848,3.1205253210086226,0
81,105,0.3308503246617609,0.9844083389077036,0.6800075875635623,2.9753887650377746,0
82,105,0.3123835418062876,1.0037592675433151,0.5941043054298948,3.2132271173420435,0
83,105,0.3007786501573093,1.0477415043600862,0.6013216708476459,3.4834304356778985,0
84,105,0.2919806897331565,1.0189621811968146,0.5817951863597902,3.489827296894368,0
85,105,0.3094443037818761,1.0116918349709874,0.5996577498449045,3.269382640451245,0
86,105,0.2884056319113754,1.032578642370589,0.5364003132093156,3.580299855891481,0
87,105,0.3177109779134577,0.9846454322338244,0.5931809339122265,3.0991860548867627,0
88,105,0.2871993037745984,1.01941189659117,0.573121707184433,3.549492924228087,0
89,105,0.3036809502127938,1.026849907098071,0.5930245009813983,3.3813444879520493,0
90,105,0.3125250859612675,0.9846167430186296,0.6088462849214133,3.150520669373264,0
91,105,0.3016842436991406,1.0195663384726643,0.5708526162910895,3.379581001550227,0
92,105,0.2873150244040104,1.015500178629544,0.5771816975586356,3.5344485751694963,0
93,105,0.2987841546924787,1.015616185102542,0.6047406434966395,3.399163473537802,0
94,105,0.3007786501573093,0.999542578309528,0.5810737511690438,3.323183270444096,0
95,105,0.3043933460366556,1.0197218297375992,0.5809981495023274,3.3500135368097115,0
96,105,0.2871471647399641,1.0230573500363578,0.5280653014619677,3.5628328455299987,0
97,105,0.2960583459515298,1.0273732391310888,0.5885536005402049,3.47017151578388,0
98,105,0.2860121351488285,0.992338180922364,0.5675304009018549,3.469566703545616,0
99,105,0.318023731136339,0.9844360351708596,0.593572201949848,3.095479798483418,0
100,105,0.304678835939599,1.0315842912874342,0.5854158558099642,3.3858088242530253,0
101,105,0.2904304688803978,1.06981876741902,0.5953334164853227,3.6835624428220095,0
102,105,0.2832800626198096,0.99251141535633,0.5533026476440048,3.5036402003637663,0
103,105,0.3040347325801471,1.0198785990345944,0.5921797987777242,3.354480556808563,0
104,105,0.2800091745123334,1.0038226725599142,0.5408685275230746,3.5849635080999795,0
105,105,0.3170568001625992,0.9960118731958024,0.6233532383803053,3.141430408321185,0
106,105,0.3026441400940214,1.0205120911764745,0.5768519401507817,3.3719869509432274,0
107,105,0.3039992155490025,1.035685714507299,0.6063223190606825,3.4068696941764105,0
108,105,0.3097442567881828,1.0006054185509945,0.5705022482098696,3.2304244441092376,0
109,105,0.3203501748731066,1.0,0.6428676229141197,3.12158406155423,0
110,105,0.2871993037745984,1.0313041213747631,0.573121707184433,3.5909004925170627,0
111,105,0.2797400856514889,1.043871786484335,0.5425875482510834,3.7315774178493353,0
112,105,0.2914958058839311,1.0113315966542236,0.5825233708189805,3.469455053006558,0
113,105,0.2834453609827435,0.971874851975781,0.5669545807227486,3.4287908209404425,0
114,105,0.2653061224489796,0.9747916210332216,0.5573721087098444,3.674214571586758,0
115,105,0.2605906077453184,0.9403936529855552,0.5640816656908337,3.608701254132017,0
116,105,0.2752809942215876,0.9632704232233444,0.6008495283490342,3.499226039731458,0
117,105,0.305906980527681,0.9721596266162472,0.6400709541412364,3.177958296143812,0
118,105,0.2454139845114519,0.9467693419018172,0.5485923363904561,3.857845932400961,0
119,105,0.2363245776776944,0.8893435724872774,0.554898018843124,3.763229289253981,0
120,105,0.2630950194896228,0.9446738903579834,0.5583166384844842,3.59061867530048,0
121,105,0.2898269599116363,0.8942297318321861,0.604628807587796,3.0853918217436456,0
122,105,0.245621631076739,0.9873250409097466,0.5314444036652257,4.019699065516256,0
123,105,0.3103448275862069,0.9880863390598088,0.6485006282383803,3.183833759192717,0
124,105,0.2672413793103448,0.9787003658578391,0.5850953763550204,3.6622336270809472,0
125,105,0.288343216472073,1.0029243294991317,0.5843024442904828,3.4782310531528244,0
126,105,0.3021718385438016,0.9734789686744632,0.5824429407622135,3.221607193330002,0
127,105,0.2844827586206896,1.023854450853152,0.5740719337980263,3.59900352421108,0
128,105,0.3159843264836842,1.0008740218584755,0.6641653899962827,3.167479960149718,0
129,105,0.3017241379310345,1.014742809926254,0.5926598466672158,3.363147598612728,0
130,105,0.3070175438596491,0.9958990363500032,0.635910528640265,3.2437854326828672,0
131,105,0.3245114671436008,1.0043976967301922,0.6588685048471415,3.095106948210654,0
132,105,0.1339973693019609,1.033991262552292,0.3806062364448018,7.716504196602617,0
133,105,0.2629960509978333,1.0381352434086497,0.5225289114407334,3.9473415645210665,0
134,105,0.2895532727040107,1.0395318878006237,0.5465084378937524,3.5901230819907246,0
135,105,0.223072065702578,1.0490312250657488,0.4715675471715724,4.702656165225197,0
136,105,0.2820742561756039,1.0020283234603171,0.5301983010006854,3.552356521456214,0
137,105,0.3048320191028142,1.0345889995604516,0.5535549217717378,3.39396433027432,0
138,105,0.2730299670761174,1.0330777330596763,0.5371620598297093,3.783752179743944,0
139,105,0.2862261456248768,1.027942674462038,0.5394464015501298,3.5913653947226827,0
140,105,0.2809323796739111,0.9975907207880576,0.5536014259736938,3.550999432482646,0
141,105,0.2773617492879849,1.0381238247984022,0.5174847866741614,3.74285144748102,0
142,105,0.2587635962149905,1.034020259047652,0.5476853173322594,3.996003588497623,0
143,105,0.2820244528220959,1.0449363099691251,0.5288999785247293,3.705126628251212,0
144,105,0.273290180797341,0.8817176504647548,0.5460151894451531,3.226305635615188,0
145,105,0.2869218495687266,0.8833770980534907,0.5422960688670876,3.078807345558724,0
146,105,0.2818943777350836,0.8685526189843812,0.5254713128929085,3.081127853499166,0
147,105,0.2860893807151216,0.8956110369120721,0.544593046125529,3.130528769272608,0
148,105,0.2895693433052423,0.8924273424882887,0.6037093909660531,3.0819123747763544,0
149,105,0.3184907948042928,0.9003149506196587,0.6262166432861253,2.8268162386699025,0
150,105,0.2858108124072107,0.9438783970760388,0.5791248976957253,3.302458675815393,0
151,105,0.2410550112163423,0.9129209481298184,0.5336104382769679,3.7871892541179695,0
152,105,0.2807017543859649,0.9285817955050574,0.594919441252758,3.308072646486767,0
153,105,0.2948745923559434,0.9280768798851218,0.607062159498455,3.1473612984764694,0
154,105,0.2895693433052423,0.9208723627189046,0.627402026492663,3.180144528449581,0
155,105,0.2812061931695728,0.9285817955050574,0.5639871093520591,3.302138495026333,0
156,105,0.2684089296623227,0.939690836352323,0.5237219331050961,3.500967115865035,0
157,105,0.2410714285714285,0.9327198508155772,0.5272948848598514,3.869060121901654,0
158,105,0.3012000331114501,0.9443898975871836,0.5744294038053511,3.135424282100727,0
159,105,0.2235215506454419,0.954218777002508,0.4804129672708823,4.2690236097910965,0
160,105,0.2548697167965291,1.0,0.5325819958282488,3.9235732380019592,0
161,105,0.3073296700247046,1.0118423590072525,0.6212253432506656,3.292367960847762,0
162,105,0.2457788077056199,1.0,0.528844441630153,4.068699044214356,0
163,105,0.3085905431455605,1.023706045733497,0.5627138908372098,3.317360393803838,0
164,105,0.3020372308430645,0.968342520943383,0.5780823044413342,3.206036945314613,0
165,105,0.293566479456233,1.0070251321879895,0.5601989023767269,3.4303137539860846,0
166,105,0.3138371439160973,0.9743046472605286,0.5858423656824316,3.104491186425669,0
167,105,0.2718272565035261,0.8604899308943582,0.5926187408934618,3.1655763368350662,0
168,105,0.2542007781493153,0.9669638861343904,0.5467881258551714,3.803937553512934,0
169,105,0.3086123793417404,0.9971660767839576,0.5972046724493667,3.2311279246505875,0
170,105,0.313614410914119,0.98058067569092,0.6278789281282762,3.126707962279976,0
171,105,0.1547278842120757,0.9793947123820956,0.4771913659522592,6.329788049319548,0
172,105,0.2962455040963351,0.964104829479666,0.6153434193611094,3.254411682704058,0
173,105,0.2730299670761174,0.980203746722279,0.5371620598297093,3.5900958316748075,0
174,105,0.2859474441475019,0.9709970386371658,0.5844300782247708,3.3957185437764945,0
175,105,0.2882190821979099,0.9333456062030596,0.5891790542323276,3.238319958156566,0
176,105,0.2882190821979099,0.951128527998512,0.5891790542323276,3.30001927958887,0
177,105,0.2859930316239411,0.9351233784620612,0.6137824342467402,3.2697418295550524,0
178,105,0.2930598932643613,0.9499929046438068,0.628827817068749,3.241633967930386,0
179,105,0.3021718385438016,0.9662556559101214,0.5971176539812663,3.197702540933698,0
180,105,0.3162277660168379,1.0019212313581112,0.5948709623474908,3.168353127172149,0
181,105,0.3105379540732881,0.9792554284580384,0.6098457011591504,3.153416243049409,0
182,105,0.3021718385438016,0.9592574209818068,0.5824429407622135,3.174542755554491,0
183,105,0.3073296700247046,0.9791586022608544,0.6015373367544095,3.186020413135331,0
184,105,0.2859474441475019,0.9754108716550124,0.5824893687831344,3.411154362869075,0
185,105,0.2678571428571428,1.0160598295964602,0.5653201233025065,3.793290030493452,0
186,105,0.2981997265643899,0.9851657595039384,0.6158066613759469,3.303711143045641,0
187,105,0.3037853755309425,0.978500579576654,0.6108362504,3.2210259557968337,0
188,105,0.2885922177082555,0.9834884862283444,0.5515573841560919,3.4078829084108406,0
189,105,0.2981997265643899,0.968899360463916,0.6158066613759469,3.2491624711624367,0
190,105,0.2711864406779661,0.9804795796882092,0.5454232334744612,3.615518450100271,0
191,105,0.2894291463713196,1.0020321093910167,0.6160840455730717,3.4620981402663284,0
192,105,0.2987151975222707,0.9649611588456456,0.5792832650218503,3.23037182858332,0
193,105,0.3103448275862069,0.9787081456390472,0.6485006282383803,3.153615135948041,0
194,105,0.2843137756781758,0.9834884862283444,0.6080677705753015,3.459165789214476,0
195,105,0.2722218980559027,1.0116177288149817,0.564548515261709,3.71615118416094,0
196,105,0.2911447857975629,0.9950293589404642,0.5940118660860504,3.4176444418012766,0
197,105,0.2951369287998759,1.0068130392607344,0.5729154039856378,3.4113421297523434,0
198,105,0.2984574620433303,1.0,0.6159548814514046,3.3505612262253277,0
199,105,0.3128107699746442,0.9834884862283444,0.6183086573225048,3.14403652504696,0
200,105,0.3037853755309425,1.0259057002626455,0.601657260424355,3.377074022966424,0
201,105,0.2999423243289873,1.1398742984286567,0.5564054235545755,3.800311613170012,0
202,105,0.2724242972544307,0.9885043165027442,0.5704927647781746,3.628546816363925,0
203,105,0.2294990517356185,0.9968043743895728,0.4973100638384469,4.343392126682446,0
204,105,0.2856687426701271,0.8978844840602564,0.5843039336981881,3.1430967058831456,0
205,105,0.2410714285714285,1.0,0.5469038233694687,4.148148148148148,0
206,105,0.3002958215928898,0.9360368182728624,0.6285878895715967,3.117049092817032,0
207,105,0.3138371439160973,0.9759083685616338,0.5901729279610979,3.109601229427889,0
208,105,0.2810764954796068,1.0,0.5593441226918326,3.557750349397514,0
209,105,0.3053797880035455,1.0090091909944687,0.6168474302714764,3.304112553063774,0
210,105,0.2670386787299676,1.0156235988169453,0.5768826003404579,3.803282744085005,0
211,105,0.284962871723449,0.9850510194789572,0.5665355977057287,3.4567696960708982,0
212,105,0.283176056977427,0.961852464297478,0.6274269546839116,3.3966588650330376,0
213,105,0.3000877307761379,0.988423850034525,0.5832537868784685,3.293782946334044,0
214,105,0.2921022892482773,0.9728934547848372,0.5901496390882991,3.330660150896352,0
215,105,0.2785388529764737,0.9487126431577187,0.6179883039813691,3.406033424133652,0
216,105,0.2934357051623626,0.9930238760052336,0.6105160378630036,3.384127625013383,0
217,105,0.3106387565237664,0.9979757823079164,0.6054809231834245,3.2126570215380164,0
218,105,0.2762361549501851,0.997328749282974,0.5725404639485828,3.610420762853532,0
219,105,0.2892956560976167,1.0207406807176267,0.629587205080503,3.528365045250452,0
220,105,0.2761491067101113,1.0352348793113213,0.576786775586049,3.748825739994385,0
221,105,0.2270383045932499,1.0880072892488055,0.4470644809107924,4.792175008521242,0
222,105,0.2416712244544664,0.9979564784698812,0.5202610465811565,4.1293972036704245,0
223,105,0.2960471516010243,0.9858550158920686,0.5524303624423978,3.33006080470817,0
224,105,0.3108007777081766,1.0097145356510404,0.639959227401174,3.2487516379354178,0
225,105,0.303284337215724,0.9939486202391232,0.5847705414050702,3.277283058413051,0
226,105,0.3106387565237664,0.9522219286388226,0.6490740894642263,3.065367436100878,0
227,105,0.3233953110677864,1.0210458962369038,0.6173635705796906,3.1572687088925786,0
228,105,0.3168858132536704,1.0650743532805989,0.6100411301082751,3.3610666957437934,0
229,105,0.3337033954326793,1.019361077528393,0.6523211652844266,3.054691955431532,0
230,105,0.2845827497941528,0.9502887879417524,0.6173789379923438,3.339235384537976,0
231,105,0.2721191180486803,0.9816307869602076,0.5711512389604086,3.607356932505567,0
232,105,0.2974546948441743,0.9748177381072116,0.6067381636966538,3.277197351408029,0
233,105,0.3200494723339308,0.966612943093856,0.6391838936284447,3.020198521325224,0
234,105,0.3138371439160973,0.9927854769258504,0.6279434732912446,3.163377873433829,0
235,105,0.29995834201188,1.003349049446774,0.6249561995050047,3.344961312684666,0
236,105,0.3052761235362896,1.0263271595432917,0.6010098080221974,3.3619634174281803,0
237,105,0.3036809502127938,1.0189209068489355,0.5930245009813983,3.3552348480698653,0
238,105,0.3253821610455936,1.0307764064044151,0.6176639267734544,3.167894647610934,0
239,105,0.2985721049303384,1.0225221764947143,0.6048277531865702,3.424707665618276,0
240,105,0.3224333101860269,1.0351898555990966,0.6144263184118548,3.2105549361567105,0
241,105,0.3004208840630548,1.030616979227465,0.5899070612217753,3.4305770134514044,0
242,105,0.3138371439160973,1.0301954581497326,0.5901729279610979,3.282579765080801,0
243,105,0.2921022892482773,1.0230086868948347,0.5859478549859733,3.502227557091519,0
244,105,0.3175842030225468,1.0117117266697588,0.6240259146398585,3.185648772958434,0
245,105,0.316928937090591,1.007242563235856,0.6325635014420695,3.178133787600297,0
246,105,0.2954972857562432,1.008774846954292,0.5614529117350554,3.41382102503112,0
247,105,0.3123835418062876,0.9770950478885724,0.6132902212479823,3.12786980465981,0
248,105,0.311529995887718,0.920277305223123,0.6208058562783769,2.9540568079191014,0
249,105,0.3033431996950297,0.9700566893922178,0.6303681177244469,3.1978850700047925,0
250,105,0.311529995887718,0.969401187624224,0.6407662817482885,3.111742690657681,0
251,105,0.3083985255433881,0.9813038862009928,0.6136117202459561,3.181934428745946,0
252,105,0.2836655578734232,0.9808522499806478,0.570340029238923,3.457777029167292,0
253,105,0.2708430367137652,0.9775088059470212,0.5788835789074493,3.6091339759274703,0
254,105,0.3199205673925401,0.9371745547360026,0.6457147565381137,2.92939763883982,0
255,105,0.3199205673925401,0.9700566893922178,0.6385919444265002,3.032179822943254,0
256,105,0.2903953714790853,0.9620225385202462,0.5912671404339062,3.312802589174643,0
257,105,0.2919806897331565,0.9772901369689756,0.5855379814111739,3.347105378311589,0
258,105,0.2919806897331565,0.9700566893922178,0.5919948195213226,3.322331659257194,0
259,105,0.2870067463920566,0.9854757791364758,0.5683598637887954,3.433632803147761,0
260,105,0.3000891556771814,0.9494284426620108,0.6201227314418774,3.163821233458203,0
261,105,0.3035586379502452,0.95921250319857,0.5988432086598018,3.159891972356885,0
262,105,0.2871993037745984,0.9814304459534062,0.573121707184433,3.4172452128353994,0
263,105,0.3083985255433881,0.9858978837947502,0.6136117202459561,3.1968307308137427,0
264,105,0.2871993037745984,0.981738728265352,0.573121707184433,3.418318621816181,0
265,105,0.2871993037745984,0.9814304459534062,0.573121707184433,3.4172452128353994,0
266,105,0.311529995887718,0.9770950478885724,0.6215453305027628,3.1364397033560074,0
267,105,0.311529995887718,0.989894632836544,0.652255471574838,3.177525907307247,0
268,105,0.3083812045921686,0.9814304459534062,0.6205514457899928,3.182523549875029,0
269,105,0.2834208074254251,0.9969162425163766,0.6028000596011304,3.5174419675545154,0
270,105,0.2882190821979099,0.9696506014929648,0.6233070195653148,3.364283149118974,0
271,105,0.2951508804898393,0.9924011056925842,0.6099028011567238,3.3623518386446016,0
272,105,0.3197060715136547,0.9930333399137244,0.6405222680240755,3.1060822061094693,0
273,105,0.3083985255433881,0.9696506014929648,0.6136117202459561,3.144147981202154,0
274,105,0.2870067463920566,0.9884432842424564,0.5784512359562618,3.44397229914667,0
275,105,0.3042387143089511,1.0115943706504635,0.5864577057389316,3.3250021219298227,0
276,105,0.283176056977427,1.0236424560715554,0.6060469438860717,3.614862312152166,0
277,105,0.2960583459515298,1.0230086868948347,0.5885536005402049,3.455429312782555,0
278,105,0.2998445748296804,0.9811225111046712,0.6222260751460482,3.272103594543854,0
279,105,0.2462057466386532,0.9925936335908276,0.5312527749316798,4.03156159895658,0
280,105,0.3071508904239433,1.0042365197680925,0.6016403210451469,3.269521759751373,0
281,105,0.295378269592824,0.9886355726054848,0.5990855759867573,3.347015249186439,0
282,105,0.3035586379502452,0.9957991030617254,0.5886079245022858,3.28041761481662,0
283,105,0.3117390063076664,0.9729730284198512,0.6155360089908275,3.121114165160292,0
284,105,0.2382381962635544,1.0040040956453673,0.5003827562768041,4.214286841454563,0
285,105,0.3143498358454636,1.004218618921586,0.6234612465524598,3.194589290052202,0
286,105,0.3083985255433881,1.023206342587943,0.6033091458243652,3.317805559495094,0
287,105,0.2993018127277493,0.995781352614949,0.5700279685308536,3.3270141050589994,0
288,105,0.3203501748731066,1.0,0.6428676229141197,3.12158406155423,0
289,105,0.3259798834838484,1.0,0.6280370047683701,3.067673959855096,0
290,105,0.3199205673925401,0.9884432842424564,0.6042937605667641,3.0896521980396585,0
291,105,0.3071508904239433,0.9802329931333564,0.6016403210451469,3.191372786777193,0
292,105,0.2984738101219024,1.0043351155815692,0.5854805933602643,3.364901983096539,0
293,105,0.3199205673925401,0.991538550508572,0.6152894812313792,3.0993273067434943,0
294,105,0.295378269592824,0.9885385180198184,0.5888441041148513,3.346686671915672,0
295,105,0.3167093203106382,1.0072279211950992,0.6308902328913705,3.180291379512226,0
296,105,0.311529995887718,0.9928095143114398,0.6215453305027628,3.186882571234872,0
297,105,0.3151954044138486,1.0042365197680925,0.5896617839410834,3.1860760204788368,0
298,105,0.3232084331731352,0.9885241478752286,0.6169044594562476,3.058472633805626,0
299,105,0.3033551121895506,0.9886355726054848,0.5943615930249277,3.25900416007408,0
0,104,0.3179674350078478,0.8945855387379008,0.590086048604654,2.813450184657498,10
1,104,0.3175279497459629,0.8605466521581154,0.6435840453423136,2.710144580489977,10
2,104,0.3351155373249634,0.9295281937034068,0.6109683032277552,2.7737543926590256,10
3,104,0.3175279497459629,0.8918271064552916,0.5770395809694331,2.8086570242676103,10
4,104,0.3513377971902349,0.8605466521581154,0.6951429305870657,2.449342652684092,10
5,104,0.2916516455341636,0.8783315515219428,0.4869066302066324,3.011577561694424,10
6,104,0.2777777777777778,0.8737926032609302,0.5796783269509722,3.1456533717393484,10
7,104,0.2773500981126146,0.866927044219985,0.5878593978940461,3.125749910021593,10
8,104,0.2773500981126146,0.8939840030012802,0.5878593978940461,3.2233051622656688,10
9,104,0.2805283198220218,0.9498130195559348,0.5363041714307549,3.385800835218824,10
10,104,0.3356322925082838,0.9784590127204208,0.6239762578044562,2.9152707726902385,10
11,104,0.2800964052936168,1.0911262495291123,0.5490720225691914,3.895538210800375,10
12,104,0.3333333333333333,1.0806864539165983,0.686237521169948,3.2420593617497957,10
13,104,0.252750542044244,1.0806864539165983,0.4660587269625273,4.275703803347033,10
14,104,0.2800964052936168,1.2041594578792294,0.4481927645152651,4.299089296119115,10
15,104,0.2805283198220218,1.0525805437171087,0.5305775629515422,3.7521364844194953,10
16,104,0.2805283198220218,0.963567698340198,0.5363041714307549,3.434832172921163,10
17,104,0.2805283198220218,1.0277402395547233,0.5305775629515422,3.663588190335871,10
18,104,0.2534196007116017,1.0736029114373435,0.4688622135694564,4.236463590119584,10
19,104,0.2805283198220218,1.0525805437171087,0.5305775629515422,3.7521364844194953,10
20,104,0.2805283198220218,1.03668788967757,0.5305775629515422,3.695483901002528,10
21,104,0.3083060975997995,1.0,0.5279799524753778,3.243529751065975,10
22,104,0.2970299856939054,1.0378125045115558,0.5631369826921304,3.4939654395062982,10
23,104,0.2941176470588235,1.0378125045115558,0.5992300076417675,3.52856251533929,10
24,104,0.2773500981126146,1.03668788967757,0.5145952765234274,3.7378313428850336,10
25,104,0.2936101097573517,1.0378125045115558,0.6092257333602531,3.534662022943404,10
26,104,0.2936101097573517,1.0758876551830785,0.6092257333602531,3.664341313288648,10
27,104,0.2970299856939054,1.019803902718557,0.5631369826921304,3.433336537845316,10
28,104,0.2773500981126146,1.0390601607698733,0.5602409556440814,3.7463846879476335,10
29,104,0.305085107923876,0.9109822787747592,0.5585993633132545,2.9859939246922047,10
30,104,0.3229711207330868,0.98359836997865,0.587144538705783,3.0454684856839744,10
31,104,0.2805283198220218,1.036523113726489,0.5305775629515422,3.6948965237595264,10
32,104,0.2936101097573517,1.0390601607698733,0.5055254216356065,3.538911387038355,10
33,104,0.1871348584655416,1.03668788967757,0.4208259353973526,5.539790385276949,10
34,104,0.3073805275137019,1.078346817312074,0.5154753400214266,3.508181946444233,10
35,104,0.3078314151048782,1.0733434285923955,0.5076964940219523,3.4867897684409743,10
36,104,0.3264417503997878,0.9407208683835974,0.5889740010268443,2.8817418949368827,10
37,104,0.2647058823529412,0.9252915127470066,0.5269663912799472,3.495545714822025,10
38,104,0.3264417503997878,1.0378125045115558,0.5403629528487068,3.17916597138866,10
39,104,0.3055555555555556,1.0527092292325908,0.515955406896405,3.445230204761206,10
40,104,0.3235294117647059,0.9785305942553894,0.5961129780000352,3.024549109516658,10
41,104,0.2800964052936168,1.0733434285923955,0.5101456873495223,3.832049995312298,10
42,104,0.3078314151048782,1.0758876551830785,0.5076964940219523,3.495054768261788,10
43,104,0.2642490987816165,1.0577211099151578,0.524634667075633,4.002742544031495,10
44,104,0.3235294117647059,0.9602728225901792,0.6853576948879797,2.968115997096917,10
45,104,0.2936101097573517,1.0,0.6092257333602531,3.4058772731852804,10
46,104,0.28125,1.0,0.593116550730874,3.555555555555556,10
47,104,0.2941176470588235,0.9611939478116446,0.5992300076417675,3.268059422559592,10
48,104,0.3351155373249634,0.8179765469436041,0.6109683032277552,2.440879206834292,10
49,104,0.2800964052936168,0.8518740546199819,0.58086773520698,3.0413601835660384,10
50,104,0.307854514730506,0.977680913978891,0.5340362665392842,3.1757887807321805,10
51,104,0.2800964052936168,0.913186746838825,0.5527735373386222,3.260258716571383,10
52,104,0.2760788151871163,0.913016976841066,0.5693375271207162,3.3070881451814977,10
53,104,0.2773500981126146,0.9219544457292888,0.5878593978940461,3.324154027718932,10
54,104,0.2805283198220218,0.977680913978891,0.5631369826921304,3.4851415878410075,10
55,104,0.2999423243289873,0.9241744211217586,0.4911721374112849,3.081173766287453,10
56,104,0.2385025934308162,0.977680913978891,0.4447266624309781,4.09924646904308,10
57,104,0.2965174227827614,0.956066158798647,0.6138662411940704,3.2243169720893365,10
58,104,0.3087053138358001,0.9596105247487252,0.6171420154479951,3.10850018363837,10
59,104,0.3101268346947042,0.895918870850146,0.599248320812796,2.888878905729356,10
60,104,0.3374109569147893,0.8977466282301391,0.5179811067838523,2.660691983564892,10
61,104,0.282842712474619,0.9194087774216646,0.453414353168214,3.250600905986461,10
62,104,0.3101268346947042,0.956066158798647,0.5154753400214264,3.0828230641176857,10
63,104,0.3078314151048782,0.9499299257868052,0.6084299095334871,3.085877136559191,10
64,104,0.3374109569147893,0.977680913978891,0.5179811067838523,2.8975968146339635,10
65,104,0.2999423243289873,0.995893206467704,0.4911721374112849,3.320282353267934,10
66,104,0.2773500981126146,0.9722718241315028,0.5878593978940461,3.5055759155950392,10
67,104,0.2290614236454256,1.092471121213248,0.3833996105514176,4.769336991916775,10
68,104,0.2970299856939054,1.1141985263696876,0.5631369826921304,3.75113146831542,10
69,104,0.2385025934308162,1.1218826541377545,0.5232958121654371,4.703859350121427,10
70,104,0.2805283198220218,1.1106882184411928,0.4668544079378148,3.959273057158212,10
71,104,0.3328201177351375,1.046958173245779,0.7132278194659876,3.145717814086472,10
72,104,0.2805283198220218,0.978456462588054,0.5305775629515422,3.4879061878986954,10
73,104,0.2777777777777778,1.029906919614166,0.597570813661213,3.707664910610997,10
74,104,0.2800964052936168,1.078346817312074,0.5399571970412665,3.849913090393556,10
75,104,0.2657636714103364,1.04358157323709,0.4819341065272436,3.926727711500533,10
76,104,0.3183863423793467,1.019803902718557,0.5610324039407099,3.2030390973978857,10
77,104,0.2743249919681754,1.035315865198346,0.5315579426991566,3.7740486485403912,10
78,104,0.2893275086123319,0.9898129771475668,0.4738142327562951,3.4210814654123016,10
79,104,0.315352998736582,1.1536328538805924,0.6445690664765529,3.658226998006875,10
80,104,0.3697794524914644,1.2243405984406868,0.7321748147496103,3.3110022479384464,10
81,104,0.2657636714103364,1.1502141977605418,0.5060119475770362,4.327958714811035,10
82,104,0.2894736842105263,1.1682148892208404,0.6109154037273622,4.035651435490176,10
83,104,0.3083060975997995,1.2137535919145193,0.5279799524753778,3.9368458858379336,10
84,104,0.2805283198220218,1.2265499495581342,0.5305775629515422,4.372285658490044,10
85,104,0.2631578947368421,1.1430474080497188,0.578340210330237,4.343580150588932,10
86,104,0.2800964052936168,1.1624763874381927,0.5399571970412665,4.150272425737143,10
87,104,0.2368421052631578,1.1430474080497188,0.522637176011409,4.826200167321035,10
88,104,0.2805283198220218,1.1719433977089628,0.5305775629515422,4.177629547179015,10
89,104,0.294257422207658,1.1278879144405192,0.4759924406723083,3.8329973326707343,10
90,104,0.2800964052936168,1.159315958108542,0.5490720225691914,4.138989063045152,10
91,104,0.2657636714103364,1.1278879144405192,0.4819341065272436,4.243950681653068,10
92,104,0.2679985157046388,1.1327779308884705,0.4859131530783928,4.226806734022755,10
93,104,0.2805283198220218,1.101135777277262,0.5363041714307549,3.925221446361871,10
94,104,0.3356322925082838,1.159315958108542,0.6239762578044562,3.4541251958940404,10
95,104,0.2657636714103364,1.180441706714406,0.4819341065272436,4.441697017692896,10
96,104,0.3175279497459629,1.129849487804791,0.5518468259187099,3.55826782715891,10
97,104,0.2653963406592285,1.159423259677831,0.5147450642668248,4.368648251885815,10
98,104,0.2631578947368421,1.1430474080497188,0.578340210330237,4.343580150588932,10
99,104,0.2256418229338239,1.2047105186011775,0.4826091311324362,5.3390391149006735,10
100,104,0.275,1.1667535595030931,0.625423738308501,4.242740216374885,10
101,104,0.3179674350078478,1.0676920310591362,0.5621707549176587,3.3578659746485804,10
102,104,0.2256418229338239,1.1502141977605418,0.4826091311324362,5.097522182746572,10
103,104,0.3179674350078478,1.1360710538722334,0.5621707549176587,3.5729163706471816,10
104,104,0.315352998736582,1.2154125730682062,0.6445690664765529,3.854133551726439,10
105,104,0.315352998736582,1.1502141977605418,0.6445690664765529,3.6473862698902977,10
106,104,0.2657636714103364,1.129849487804791,0.4819341065272436,4.251331575188525,10
107,104,0.3179674350078478,1.1502141977605418,0.5621707549176587,3.6173962208807735,10
108,104,0.2657636714103364,1.1057110674072348,0.5060119475770362,4.160504938615286,10
109,104,0.2916757572206104,1.1278879144405192,0.594806473609939,3.8669237552966575,10
110,104,0.3175279497459629,1.1502141977605418,0.5770395809694331,3.622403000053275,10
111,104,0.3175279497459629,1.066151115317168,0.5770395809694331,3.357660691508065,10
112,104,0.2683694480838308,1.1278879144405192,0.477900498448379,4.202743354333687,10
113,104,0.3197029007553438,1.1057110674072348,0.5455068844141309,3.458558132550047,10
114,104,0.2657636714103364,1.143940705311306,0.4819341065272436,4.304353184318685,10
115,104,0.2657636714103364,1.1058710682860509,0.4819341065272436,4.161106980564688,10
116,104,0.2657636714103364,1.1057110674072348,0.5060119475770362,4.160504938615286,10
117,104,0.3175279497459629,1.0841491717675118,0.5518468259187099,3.414342493739154,10
118,104,0.2496880847194611,1.1058710682860509,0.5685365586527161,4.429010176951617,10
119,104,0.3456749869394634,1.0143566090331315,0.6555391767755274,2.93442293298118,10
120,104,0.2657636714103364,1.101135777277262,0.4819341065272436,4.143289304493086,10
121,104,0.2653963406592285,1.1057110674072348,0.4959468738704973,4.166263425715346,10
122,104,0.3197029007553438,1.0525805437171087,0.5455068844141309,3.2923709520002378,10
123,104,0.2657636714103364,1.144416262255513,0.5060119475770362,4.306142582176124,10
124,104,0.25,1.0911262495291123,0.5529117077449303,4.36450499811645,10
125,104,0.291248533184581,1.0277402395547233,0.574327380543956,3.5287396242554974,10
126,104,0.2348880878058813,1.126185012742946,0.563606467948783,4.794559925378844,10
127,104,0.1756820922315766,1.110664955031789,0.3335088927971438,6.3220157554121,10
128,104,0.3197029007553438,1.1051937781209376,0.5455068844141309,3.4569401012932923,10
129,104,0.2653963406592285,1.0131942064579722,0.5210959363720128,3.817664568928338,10
130,104,0.2800964052936168,1.2066109330330228,0.5490720225691914,4.3078415510837,10
131,104,0.2679985157046388,1.101135777277262,0.4917364527323677,4.1087383427556885,10
132,104,0.2683694480838308,1.110664955031789,0.477900498448379,4.138567049870929,10
133,104,0.315352998736582,1.0676920310591362,0.6445690664765529,3.385704386312151,10
134,104,0.2773500981126146,1.1502141977605418,0.6656171302998557,4.147156267792311,10
135,104,0.252750542044244,1.1876950235757278,0.556140135871086,4.6990800255843626,10
136,104,0.2679985157046388,1.143940705311306,0.4917364527323677,4.2684591080797,10
137,104,0.275,1.081457430050014,0.625423738308501,3.932572472909141,10
138,104,0.3333333333333333,1.1005484526142972,0.6626673250821339,3.301645357842892,10
139,104,0.2653963406592285,1.183800693970477,0.4959468738704973,4.460501192405243,10
140,104,0.2805283198220218,1.1682148892208404,0.5305775629515422,4.164338523689879,10
141,104,0.2832788618662658,1.1430474080497188,0.439900619165447,4.035060719035734,10
142,104,0.2657636714103364,1.2047105186011775,0.4819341065272436,4.533014283736008,10
143,104,0.3351155373249634,1.2059766009520232,0.6045581467152166,3.598689009106077,10
144,104,0.2657636714103364,1.143940705311306,0.5027762932220053,4.304353184318685,10
145,104,0.2137659375162542,1.1058710682860509,0.4338217569017271,5.173280089125345,10
146,104,0.2653963406592285,1.1360710538722334,0.4959468738704973,4.280658320496436,10
147,104,0.2058823529411764,1.1057110674072348,0.4850719536974209,5.370596613120855,10
148,104,0.1944444444444444,1.1216105019318623,0.4295576832057268,5.768282581363864,10
149,104,0.2683694480838308,1.101135777277262,0.477900498448379,4.10305936513794,10
150,104,0.2683694480838308,1.1360710538722334,0.477900498448379,4.233235422227935,10
151,104,0.2653963406592285,1.079641144084459,0.5639208441803578,4.068033272059047,10
152,104,0.2530294240356804,1.0710287232390043,0.463792684917424,4.232822832051246,10
153,104,0.2805283198220218,1.152331919396064,0.5363041714307549,4.107720461617382,10
154,104,0.3083060975997995,1.1823605166069393,0.5279799524753778,3.8350215121003433,10
155,104,0.2805283198220218,1.0527092292325908,0.5305775629515422,3.752595209996876,10
156,104,0.305085107923876,1.0890406507338075,0.5121140088293943,3.569629006623104,10
157,104,0.2777777777777778,1.092471121213248,0.5352977386172857,3.932896036367693,10
158,104,0.3157894736842105,1.1327779308884705,0.65656256339199,3.5871301144801566,10
159,104,0.2105263157894736,1.1490665700040554,0.460191960037139,5.458066207519264,10
160,104,0.2920794608840206,1.1106882184411928,0.4877427797965521,3.802691962932055,10
161,104,0.252750542044244,1.1954575584044629,0.4660587269625273,4.729792263690568,10
162,104,0.2657636714103364,1.0901947487325072,0.530224187442098,4.102121042154244,10
163,104,0.2391169240978467,1.125,0.4196975003985198,4.704811272746422,10
164,104,0.2631578947368421,1.1278879144405192,0.578340210330237,4.285974074873973,10
165,104,0.2657636714103364,1.1278879144405192,0.4819341065272436,4.243950681653068,10
166,104,0.2137659375162542,1.2113036932033772,0.4338217569017271,5.66649536066181,10
167,104,0.2657636714103364,1.0911262495291123,0.4819341065272436,4.105626038874307,10
168,104,0.2657636714103364,1.1051937781209376,0.4819341065272436,4.158558512741681,10
169,104,0.3175279497459629,1.0252804494381038,0.5770395809694331,3.2289455156888573,10
170,104,0.2139062186164015,1.04,0.4401448621675197,4.861943737433059,10
171,104,0.1666666666666666,1.0277402395547233,0.4702558368499479,6.16644143732834,10
172,104,0.3197029007553438,1.081457430050014,0.5455068844141309,3.3826950818867023,10
173,104,0.2938507082299913,1.101135777277262,0.5618271430886261,3.7472626283936807,10
174,104,0.2773500981126146,1.0867963617031773,0.6656171302998557,3.9185000081085137,10
175,104,0.2996257016633534,1.0676920310591362,0.6166389774348364,3.563419376682009,10
176,104,0.315352998736582,1.0841491717675118,0.6807734653936987,3.437890795746369,10
177,104,0.2653963406592285,1.0525805437171087,0.5210959363720128,3.9660702973619073,10
178,104,0.2996257016633534,1.1516944039110375,0.6166389774348364,3.843777077592069,10
179,104,0.3456749869394634,1.0643366478704,0.6341202925477026,3.0790097290342637,10
180,104,0.3016921834310232,1.1057110674072348,0.522579098707431,3.6650305448170046,10
181,104,0.3356322925082838,1.143940705311306,0.5816725957376538,3.408315382176976,10
182,104,0.2657636714103364,1.1430474080497188,0.4819341065272436,4.300991937625912,10
183,104,0.2679985157046388,1.1278879144405192,0.4917364527323677,4.208560302936769,10
184,104,0.2256418229338239,1.2562713965470114,0.4859130234742156,5.56754674382971,10
185,104,0.3197029007553438,1.1057110674072348,0.4677665503090481,3.458558132550047,10
186,104,0.2916757572206104,1.1667535595030931,0.5496674809701496,4.000173242442681,10
187,104,0.3175279497459629,1.159315958108542,0.5518468259187099,3.651067438428801,10
188,104,0.2290614236454256,1.2047105186011775,0.4543183564396624,5.259333935102067,10
189,104,0.2800964052936168,1.2533480067617453,0.5490720225691914,4.474702220643987,10
190,104,0.2137659375162542,1.213746298296457,0.4576550581405976,5.6779219009303885,10
191,104,0.2400817269899384,1.213746298296457,0.4207730026207458,5.055554679291872,10
192,104,0.2920794608840206,1.2154125730682062,0.4877427797965521,4.161239442820062,10
193,104,0.307854514730506,1.1899825184264614,0.5100782345624401,3.86540544798625,10
194,104,0.2657636714103364,1.2154125730682062,0.4819341065272436,4.573283348391216,10
195,104,0.2256418229338239,1.1430474080497188,0.4826091311324362,5.065760386029814,10
196,104,0.2352941176470588,1.1876950235757278,0.5473161968289308,5.047703850196843,10
197,104,0.2805283198220218,1.229948666663669,0.5305775629515422,4.384401073816707,10
198,104,0.3179674350078478,1.1922423304394465,0.5265707909262104,3.74957369584096,10
199,104,0.2679985157046388,1.1752659273543158,0.4917364527323677,4.385344912318756,10
200,104,0.3272137596041365,0.906764700582363,0.612310264608147,2.7711692249108584,10
201,104,0.3518121881787551,0.9186569739778556,0.69698222576978,2.611214178603408,10
202,104,0.2653963406592285,1.04,0.5210959363720128,3.918667444384133,10
203,104,0.3073805275137019,1.1292475370794484,0.6368119306116472,3.673777080850089,10
204,104,0.3016921834310232,1.0277402395547233,0.681000441139163,3.406585572972588,10
205,104,0.3197029007553438,1.081457430050014,0.5455068844141309,3.3826950818867023,10
206,104,0.2938507082299913,1.101891674069098,0.5712278835097053,3.749835012160898,10
207,104,0.2938507082299913,1.092520022699813,0.5433649512169431,3.7179424520723594,10
208,104,0.1756820922315766,1.1360710538722334,0.3335088927971438,6.4666298052434,10
209,104,0.3026287468431272,1.1216105019318623,0.5087697384688366,3.706225907591219,10
210,104,0.3374109569147893,1.119966633215281,0.6017294141407785,3.319295388199619,10
211,104,0.3197029007553438,1.1360710538722334,0.5455068844141309,3.553521257355198,10
212,104,0.2938507082299913,1.1142710621747296,0.5618271430886261,3.7919631668970175,10
213,104,0.2256418229338239,1.1360710538722334,0.4859130234742156,5.034842561990024,10
214,104,0.2800964052936168,1.079641144084459,0.5527735373386222,3.854534094975989,10
215,104,0.2557757312166826,1.1360710538722334,0.451147935744177,4.441668677744102,10
216,104,0.2413540457491675,1.1411781551095983,0.4917364527323677,4.728232964014999,10
217,104,0.2926406109481123,1.1387694906268178,0.5587984747495252,3.891358369357462,10
218,104,0.3183863423793467,1.079641144084459,0.5610324039407099,3.3909781933990826,10
219,104,0.2495131446207221,1.0810098868553086,0.4040098874265409,4.332476705780455,10
220,104,0.2832788618662658,1.0323242856084198,0.439900619165447,3.644198083850583,10
221,104,0.2538470508005519,1.0323242856084198,0.4897439266993404,4.066717664644128,10
222,104,0.3026287468431272,1.0681524024670557,0.6099657575199253,3.5295800997409885,10
223,104,0.3005699519530619,0.9820344654820718,0.6979736236445405,3.2672409836743417,10
224,104,0.3272137596041365,1.1387694906268178,0.612310264608147,3.48020050258431,10
225,104,0.3016921834310232,1.079641144084459,0.5845149879689994,3.578618218762372,10
226,104,0.2653963406592285,1.0665711249124652,0.5210959363720128,4.018786100302538,10
227,104,0.3201453963314852,1.1430474080497188,0.5574930879438355,3.5704008901823583,10
228,104,0.2683694480838308,1.180441706714406,0.477900498448379,4.39856964025827,10
229,104,0.2920794608840206,1.1682148892208404,0.465387716330067,3.999647512649706,10
230,104,0.2336824951347944,0.9822829796579462,0.532252075996733,4.203494057573028,10
231,104,0.3358643744858636,0.9316396955128052,0.7045349445165696,2.7738568490300466,10
232,104,0.2815462531857364,0.93706146008198,0.527629435244856,3.3282682666844066,10
233,104,0.3162203479667375,0.9307023673289566,0.6752939005409478,2.943208346057652,10
234,104,0.2746568931914072,1.0279383365727897,0.6326248008450832,3.7426271178871295,10
235,104,0.3333333333333333,1.0901947487325072,0.7283265870301202,3.270584246197522,10
236,104,0.2894736842105263,1.2265499495581342,0.5589499051391147,4.237172553019009,10
237,104,0.3201453963314852,1.1430474080497188,0.5278368646472914,3.5704008901823583,10
238,104,0.3037586651986931,1.1994964497277096,0.4953489386777783,3.94884685493038,10
239,104,0.2916757572206104,1.1430474080497188,0.6564868776068487,3.918897542057872,10
240,104,0.2815462531857364,1.1376426368727437,0.4392399178980192,4.040695352895495,10
241,104,0.3399584149700121,1.180775494846827,0.5902809188923994,3.4732939172898067,10
242,104,0.282842712474619,1.184603170489108,0.453414353168214,4.18820467433966,10
243,104,0.3183863423793467,1.153451267713387,0.5610324039407099,3.622803852368416,10
244,104,0.2890735821752002,1.1387694906268178,0.6616606018431369,3.939375857378204,10
245,104,0.2938507082299913,1.1571320014599449,0.5618271430886261,3.93782274145237,10
246,104,0.2668948795168779,1.1160979977064869,0.4772231265679493,4.181788724185347,10
247,104,0.2397498930690925,1.2232540067228488,0.5060119475770362,5.102208768745203,10
248,104,0.2668948795168779,1.2011564159008028,0.5757234069214804,4.500485052673497,10
249,104,0.2938507082299913,1.101891674069098,0.5618271430886261,3.749835012160898,10
250,104,0.2938507082299913,1.143543749793731,0.5618271430886261,3.891580716894857,10
251,104,0.291248533184581,1.1387694906268178,0.5661855915157181,3.909957856869664,10
252,104,0.2938507082299913,1.153451267713387,0.5618271430886261,3.925296878340694,10
253,104,0.2805283198220218,1.1227892668283386,0.5305775629515422,4.002409694467497,10
254,104,0.2805283198220218,1.1772975035073785,0.5305775629515422,4.196715341446819,10
255,104,0.267618220988023,1.2126781251816647,0.5209288249599757,4.531373539157996,10
256,104,0.2222222222222222,1.1243754637514278,0.5172551906203012,5.059689586881426,10
257,104,0.2222222222222222,1.0590561835898982,0.5172551906203012,4.765752826154542,10
258,104,0.2105263157894736,1.109400392450458,0.5716694685461344,5.269651864139676,10
259,104,0.2546328832592281,1.2070196981508372,0.4671866689300549,4.740234971623971,10
260,104,0.2657636714103364,1.0356086167566354,0.4819341065272436,3.896727537142073,10
261,104,0.2252944142244189,1.110349815296408,0.4878190532302114,4.928439167561308,10
262,104,0.2256418229338239,1.049952379872535,0.4859130234742156,4.65318160534656,10
263,104,0.3197029007553438,1.1302200052529474,0.5455068844141309,3.5352197386468536,10
264,104,0.2653963406592285,1.1657685848583428,0.4959468738704973,4.392557116509759,10
265,104,0.2256418229338239,1.0881176406988355,0.4859130234742156,4.822322504538345,10
266,104,0.3201453963314852,1.2038190594391056,0.5278368646472914,3.760226051142857,10
267,104,0.315352998736582,1.178511301977579,0.6445690664765529,3.737117790853808,10
268,104,0.3374109569147893,1.2448524146446338,0.570776049269532,3.689424984971701,10
269,104,0.1978640451560461,1.2356455492460805,0.3450189047169652,6.244922104324635,10
270,104,0.3197029007553438,1.2508404254386347,0.5455068844141309,3.912508840186765,10
271,104,0.2920794608840206,1.2113036932033772,0.465387716330067,4.147171764619093,10
272,104,0.2055270768301462,1.1719433977089628,0.4896522403953921,5.702136262452136,10
273,104,0.2805283198220218,1.180441706714406,0.5305775629515422,4.207923490445901,10
274,104,0.2657636714103364,1.2064325310827764,0.4819341065272436,4.539493771592494,10
275,104,0.294257422207658,1.2064325310827764,0.4759924406723083,4.099922177090897,10
276,104,0.2920794608840206,1.2113036932033772,0.465387716330067,4.147171764619093,10
277,104,0.3,1.036349515995129,0.6278580190533819,3.4544983866504304,10
278,104,0.2791957742289606,0.97675690632524,0.5358704195393644,3.498465938543286,10
279,104,0.3535533905932738,1.2157722606561732,0.5613351567425636,3.438723239553916,10
280,104,0.2832788618662658,1.1914363381839608,0.439900619165447,4.205878018340918,10
281,104,0.3041381265149109,1.1914363381839608,0.4800414754118965,3.9174185487249273,10
282,104,0.3157894736842105,1.2113036932033772,0.65656256339199,3.8357950284773614,10
283,104,0.2805283198220218,1.2265499495581342,0.5305775629515422,4.372285658490044,10
284,104,0.2496150883013531,1.2064325310827764,0.4663808630930628,4.8331715013408365,10
285,104,0.3356322925082838,1.2113036932033772,0.5900538476240651,3.6090201099272368,10
286,104,0.3351155373249634,1.2113036932033772,0.5948773959858694,3.614585294589816,10
287,104,0.2678636044065514,1.2192579867748154,0.5028717461881799,4.551786680673049,10
288,104,0.3351155373249634,1.25,0.6045581467152166,3.730056833467164,10
289,104,0.2777777777777778,1.239610286891141,0.5352977386172857,4.462597032808107,10
290,104,0.3328201177351375,1.2679742192527637,0.7132278194659876,3.809788386235215,10
291,104,0.3175279497459629,1.227711899134527,0.5518468259187099,3.86646876319629,10
292,104,0.3157894736842105,1.2534610126231922,0.65656256339199,3.969293206640109,10
293,104,0.3379312516832344,1.276069155814627,0.5836094933004725,3.7761205850554846,10
294,104,0.315352998736582,1.243033685530216,0.6445690664765529,3.941721469306642,10
295,104,0.3157894736842105,1.1876950235757278,0.65656256339199,3.761034241323138,10
296,104,0.2996257016633534,1.1981834435329324,0.6166389774348364,3.998934126416031,10
297,104,0.3374109569147893,1.2534610126231922,0.5618922493458983,3.7149386732563774,10
298,104,0.3379312516832344,1.2265499495581342,0.5497646649839854,3.629584252562298,10
299,104,0.3197029007553438,1.2070196981508372,0.5455068844141309,3.775441809564695,10
0,106,0.3303418911900481,0.986760227957722,0.6176237596815936,2.9870877847279496,5
1,106,0.3370724616247935,0.9671351803744808,0.6285599611572493,2.86922039170032,5
2,106,0.3370724616247935,0.9862999597584242,0.6726258908820626,2.9260769479777538,5
3,106,0.3265984324160473,1.0118942882639772,0.6506820830366804,3.0982827467308387,5
4,106,0.3165791777032248,0.9919117970878554,0.6414791309255841,3.133218692031972,5
5,106,0.2856548052752704,0.9595596474326814,0.5979414083858335,3.359158080705153,5
6,106,0.3086108082671043,0.847005332206879,0.61757272319806,2.744574426809418,5
7,106,0.2711745411840727,0.9194546725192092,0.5489260384849456,3.3906378840153923,5
8,106,0.3025392141443668,0.9193140414404678,0.5905710843111347,3.038660770110238,5
9,106,0.3021679857554664,0.9579661346019742,0.6052130372994884,3.170309826856448,5
10,106,0.2984747594611829,0.9679771619047034,0.5404031875044877,3.243078790488447,5
11,106,0.3072414592674674,0.9311428606970183,0.6146864018768807,3.030654986853245,5
12,106,0.2508858934678917,0.9478392735969,0.5342586765583747,3.777969580095997,5
13,106,0.3408533065843083,0.9863147473407856,0.6306354441868339,2.893663427310264,5
14,106,0.3091743382222153,1.0627640639489564,0.5772048757791421,3.4374265020181185,5
15,106,0.2875286170545831,0.9987129228855678,0.5093291388442862,3.473438341951113,5
16,106,0.2856548052752704,0.9862077107575756,0.5698662124299703,3.452445723107019,5
17,106,0.3103969408974639,0.976281209488332,0.5777497838334006,3.14526685303524,5
18,106,0.3370724616247935,0.9748645103143152,0.6285599611572493,2.892151158285571,5
19,106,0.3169188659346707,0.9862999597584242,0.5928070092382132,3.112152874994002,5
20,106,0.276533159377486,0.9423315006297932,0.5723445602577875,3.4076618614241783,5
21,106,0.2863825893981825,0.9598631498656514,0.5817824766501579,3.3516812313302697,5
22,106,0.2940611240166836,0.9543377970427684,0.6201529187204772,3.245372200198159,5
23,106,0.2942179345790209,0.9570163767209976,0.6140129565420301,3.252746567235393,5
24,106,0.3097758681566744,1.0033833888162291,0.6293406827461069,3.239062470510941,5
25,106,0.3100849949356765,1.0176060469250507,0.6169012502765633,3.2817003839097123,5
26,106,0.297856696284334,1.0246697938987457,0.6803598570691118,3.4401435545387087,5
27,106,0.2981766172282175,0.9863014733995517,0.594634416910531,3.3077760508787954,5
28,106,0.2846087139302271,0.9738227167327744,0.5864007933477603,3.421619469358589,5
29,106,0.2395833333333333,0.9741081755417664,0.5705645862541212,4.06584281965259,5
30,106,0.2844215429051823,0.9665258991095708,0.5947281551708036,3.3982162154003293,5
31,106,0.2942179345790209,0.9787954608117068,0.6368681642537619,3.3267702127411347,5
32,106,0.2787946063544765,0.9662426202936094,0.6168240957573947,3.4657866338528427,5
33,106,0.2945441189428822,0.971882116805641,0.5750443809512279,3.299614741226959,5
34,106,0.3045936588637533,0.9717494956150564,0.5955889649528718,3.1903142673424014,5
35,106,0.2942618533112578,0.9656830048885277,0.6182051581011548,3.281713188515361,5
36,106,0.2308233958961612,0.9710234796018808,0.5149825307705045,4.206781014688423,5
37,106,0.2885683367029164,0.952154366762202,0.6126320239751253,3.299580188322785,5
38,106,0.3036216481281422,0.9629174714232266,0.6083050960368624,3.1714387869234915,5
39,106,0.3137952086157333,0.9556270928013016,0.6376824153489395,3.0453845902138728,5
40,106,0.297817451329085,0.9630897957045989,0.6159137922318588,3.2338259272805177,5
41,106,0.3200488205086338,0.9786378077526364,0.649144551064507,3.0577766423177186,5
42,106,0.2605597317351953,0.9576418882753952,0.519465458779357,3.675325737779922,5
43,106,0.3073846029287203,0.9759661335170042,0.6210462070666272,3.175065127589757,5
44,106,0.2842590865494608,0.9662241039089048,0.6010280474945389,3.3990966327149668,5
45,106,0.2079380943965203,0.9152606048909512,0.5644326058055394,4.401601387890122,5
46,106,0.3040143262528595,0.9508862136543732,0.6519254375215343,3.12776777783652,5
47,106,0.2886219274918644,0.9934281872982954,0.5593345260652531,3.44197059430385,5
48,106,0.3062285643272986,1.0078609942763852,0.6024916932106995,3.291205039903391,5
49,106,0.2942618533112578,1.0219903161546675,0.6182051581011548,3.4730642271652146,5
50,106,0.2942618533112578,0.9488821625947902,0.5695160687476615,3.2246183184033117,5
51,106,0.2945441189428822,0.979111225628062,0.5867187666465749,3.32415812321118,5
52,106,0.2882502997294497,0.9584647481495832,0.6280877568844563,3.32511275460665,5
53,106,0.2886219274918644,0.940132043746681,0.5705716479664664,3.2573133022721605,5
54,106,0.2942618533112578,0.9231101362431864,0.592922062570505,3.137036370347193,5
55,106,0.2882502997294497,0.9451292137952516,0.6280877568844563,3.2788490235130547,5
56,106,0.29732595799664,0.9544379987991304,0.6224876219036884,3.210072895182318,5
57,106,0.3073846029287203,0.9427616439980612,0.6210462070666272,3.0670425096623304,5
58,106,0.2895765859530059,0.9663768920667862,0.5856745103089209,3.33720659384946,5
59,106,0.3231312433649996,0.9674987593738752,0.6735903727102849,2.994135600440892,5
60,106,0.3036216481281422,0.9487372418880492,0.6442491698642682,3.124735168711154,5
61,106,0.297817451329085,0.9360798663265272,0.6207061204482712,3.143133023766862,5
62,106,0.3186908094644005,0.9487372418880492,0.6111596644508026,2.9769833760895708,5
63,106,0.297817451329085,0.9531374897569423,0.6284339289759228,3.200408456600939,5
64,106,0.3178485246529643,0.9175886398147584,0.6462455480692059,2.8868739938831136,5
65,106,0.3020150065944735,0.9427222729793716,0.5584315248317755,3.121441823734272,5
66,106,0.2996653147139,0.9490823324739897,0.5779104674440697,3.167141093323091,5
67,106,0.3068773207591849,0.9674987593738752,0.6148281083563392,3.1527216054297416,5
68,106,0.310513788576618,0.9531374897569423,0.6314614797850266,3.069549645850137,5
69,106,0.2886219274918644,0.9797265383975,0.5951731597376304,3.3944979403032924,5
70,106,0.2956099509735538,0.9353620231388818,0.6554158157287651,3.1641763751808285,5
71,106,0.3073846029287203,0.9619155232657872,0.6210462070666272,3.1293549322275145,5
72,106,0.2922303839241771,0.9663768920667862,0.6170313413761594,3.306900805761268,5
73,106,0.3137952086157333,0.982684865187319,0.6238079727094913,3.131612077578575,5
74,106,0.2903329637837291,1.0,0.6045394439337661,3.444321261243028,5
75,106,0.2908610186802393,1.003001007080106,0.5714206096746296,3.4483858016833944,5
76,106,0.2687807350371682,1.0242950394631678,0.5708758851976459,3.8108945543344968,5
77,106,0.2096230175478135,1.0461478087171354,0.4818970343624259,4.990615157414746,5
78,106,0.2927669469657821,0.9582872349328942,0.6011845055334408,3.2732084166758635,5
79,106,0.3110993316770792,0.9630665125511204,0.6354286024813535,3.0956881435887573,5
80,106,0.2156448242789013,0.9589212679984164,0.5481078099681044,4.446762268489264,5
81,106,0.295235166636742,0.9701542667936056,0.5669350271708856,3.2860389832464825,5
82,106,0.2658685214275482,0.996852304725803,0.5298929170719819,3.7494183191501103,5
83,106,0.3049416188136287,1.0074397211517483,0.5990325364302006,3.3037134290530075,5
84,106,0.3021116066582687,0.9972860180141708,0.5419339837752348,3.3010516512271684,5
85,106,0.3142871208493232,0.9768710278966394,0.5930159491399897,3.108212087268363,5
86,106,0.3133752549890218,0.9675895687404206,0.6323863326184379,3.087638712170548,5
87,106,0.3304831591965071,0.936376836250732,0.6823113211358013,2.833357192927211,5
88,106,0.3110802135834513,0.9515806905515664,0.6178899925832166,3.058956015202466,5
89,106,0.3073846029287203,0.942222788826392,0.648750550694493,3.0652894772510284,5
90,106,0.3091734712004211,0.9560535871688688,0.6108270915212579,3.0922885571547267,5
91,106,0.2990970008653572,0.9584647481495832,0.5772358609578188,3.204528114212184,5
92,106,0.2694686311290252,0.9642099851218348,0.5399536666849515,3.578190088701486,5
93,106,0.2644007110107055,0.9687839037688496,0.5196815822008175,3.664074502922284,5
94,106,0.3055055247240547,0.9896808206239976,0.5929082572834942,3.239485837507909,5
95,106,0.295235166636742,0.9815675357538088,0.5685977124751452,3.3246972131932084,5
96,106,0.2897638866850325,0.9572695659577478,0.5978235831127627,3.303619291241356,5
97,106,0.3430070827905405,0.976853752520336,0.6438480409046091,2.847911315921304,5
98,106,0.3086764869504899,0.980673008521067,0.6019569484046249,3.1770252998841526,5
99,106,0.3142871208493232,1.002159829729931,0.6476681298134371,3.188676096626913,5
100,106,0.2948400520028736,0.967538636595996,0.5745151228659753,3.281571245234233,5
101,106,0.2861299308548054,0.9603539934555976,0.5681311850151658,3.35635629095693,5
102,106,0.2946881526612887,0.9603180981005236,0.564911970393884,3.2587604538154014,5
103,106,0.2152575167174301,0.9399314200409332,0.4787356316338766,4.366544009121815,5
104,106,0.2449320829929632,1.0327367152681746,0.5612268102284381,4.216420742634376,5
105,106,0.2079276205172684,1.0557348694516606,0.5158445937008773,5.077415241059721,5
106,106,0.3077808996621299,1.010116989085244,0.663217807832702,3.2819352669191355,5
107,106,0.2938680412672625,1.0220254803449016,0.612043232797748,3.4778381342100606,5
108,106,0.2991560720381386,1.028585750231786,0.6193103705275627,3.4382914016221418,5
109,106,0.3086764869504899,0.996852304725803,0.6134256178789,3.229440358655153,5
110,106,0.2831937896533497,1.029152244736045,0.5843711347366614,3.634091856307315,5
111,106,0.3028711812578967,1.010087001303728,0.5915371751286174,3.335038339100452,5
112,106,0.3019924373580134,1.010087001303728,0.5923239561473398,3.344742703295795,5
113,106,0.3045335139884436,1.020818218845863,0.5909243855845004,3.352071847450592,5
114,106,0.295235166636742,1.0250936828354174,0.5576365861575768,3.472125947979276,5
115,106,0.2948400520028736,1.0208690221677488,0.5636529656588694,3.462450285274671,5
116,106,0.2792450811807257,1.0264692108425566,0.558261170252231,3.675872128176296,5
117,106,0.2667591886939436,1.0263982900325097,0.5446883432171282,3.847658613215044,5
118,106,0.297817451329085,1.012083235257692,0.6207061204482712,3.3983342169541,5
119,106,0.32820814772838,0.998087856148139,0.5924597415963511,3.0410209589743067,5
120,106,0.3073846029287203,1.0117083171587868,0.6210462070666272,3.291343507512615,5
121,106,0.2925931135056816,1.0330289252148648,0.5989342227433693,3.530598901791328,5
122,106,0.2882502997294497,1.0070376716177596,0.5895400284058272,3.4936222878621805,5
123,106,0.3178485246529643,1.0117083171587868,0.6462455480692059,3.182988872650573,5
124,106,0.2349611071483973,1.0112949772820332,0.4959431956175225,4.304095216249203,5
125,106,0.2800672988782794,1.007775931274469,0.5583510798671407,3.5983348834754905,5
126,106,0.2943343707411078,0.9936024933075877,0.5969671341840002,3.3757610122317168,5
127,106,0.2943343707411078,1.0036130185942669,0.6084646434322434,3.4097717370460616,5
128,106,0.2836300332218344,0.9763729555994984,0.6128448807787346,3.4424173791068577,5
129,106,0.2791779178318367,0.96468926449712,0.5540042951321795,3.455464071045197,5
130,106,0.2887264510221469,0.989984131805096,0.5585693118959795,3.428796108913342,5
131,106,0.2801109459062195,1.032031374230672,0.5898310554931243,3.6843664601960735,5
132,106,0.23404881612468,0.980465712248859,0.5145516184069054,4.189150487847611,5
133,106,0.2621316859572598,0.921586277549924,0.5360483244602733,3.5157378024882777,5
134,106,0.2720686723491826,0.9599881848335102,0.5846541465099667,3.5284774852777883,5
135,106,0.2004404752674187,1.0110039798567958,0.5222315060071503,5.043911308372021,5
136,106,0.1605403247669839,0.9324789853083276,0.4607353911796781,5.808378590623716,5
137,106,0.3135811698737411,0.9850567763788004,0.6824811764816996,3.1413135449919363,5
138,106,0.3104834939252004,1.110664955031789,0.5944124165179681,3.577210952474539,5
139,106,0.184085347106672,0.9524444762064278,0.5097770979247186,5.173928784535545,5
140,106,0.26,0.9746043600028608,0.5635350772403276,3.74847830770331,5
141,106,0.2826632040745468,1.050784693272471,0.5669218197688316,3.717444216741233,5
142,106,0.3307678574186498,1.0403873422518215,0.6053114618810379,3.1453701407722123,5
143,106,0.2841489778757264,1.008631413732055,0.6278759669056344,3.5496570189078187,5
144,106,0.3001261857642995,1.0081938827567232,0.6423236771047671,3.359233317776863,5
145,106,0.3001261857642995,1.0030880155850277,0.6043382042296491,3.3422209162808296,5
146,106,0.2406394569533672,1.034702995802668,0.4883321614773382,4.299806062158708,5
147,106,0.3045335139884436,1.0441911797424746,0.5940396001610471,3.428821892430858,5
148,106,0.316392422272313,1.022620662038617,0.654213023419129,3.232127541785645,5
149,106,0.2858402516310936,1.0366593478070478,0.6035950377453317,3.626708771390824,5
150,106,0.2918403225853603,1.009381958501685,0.5925358137514436,3.458678874665961,5
151,106,0.2859068704827003,1.0081938827567232,0.6074692681788321,3.526301697663215,5
152,106,0.2709982439233638,1.0030755784394343,0.5951994278049977,3.7014098833905966,5
153,106,0.2749978188711269,1.0432636160639073,0.5437764807075257,3.793715965990316,5
154,106,0.2658685214275482,1.016700204205715,0.5298929170719819,3.824071382150352,5
155,106,0.3146583877637763,1.022620662038617,0.5869655818951958,3.2499393049910674,5
156,106,0.3168827730456895,1.009381958501685,0.6247553225803795,3.18534816140399,5
157,106,0.3078076547742252,1.0465903455274903,0.5582163508739911,3.4001439837328187,5
158,106,0.295235166636742,1.035437998778811,0.5690959237697412,3.5071634946957926,5
159,106,0.2655925810092159,1.034702995802668,0.5352584315199003,3.8958279326588734,5
160,106,0.2865753492270529,1.0140648065015594,0.5396657357129667,3.538562577823532,5
161,106,0.2563348504909207,1.0264692108425566,0.4929824981477528,4.004407550813751,5
162,106,0.2655925810092159,0.980778669469053,0.5466774405698277,3.692793924221176,5
163,106,0.2566066659720225,1.0009368658693532,0.530706640357533,3.9006658773957343,5
164,106,0.2819419372173004,1.0190652088427858,0.5656790954223139,3.614450616679151,5
165,106,0.3067962276465616,1.0179948144978177,0.6129349775236219,3.318146452799863,5
166,106,0.291816492304509,1.01316533529055,0.554878766876984,3.4719262344957427,5
167,106,0.2948400520028736,1.0041237288352054,0.5636529656588694,3.405655785277838,5
168,106,0.3100930465926219,0.999894819878752,0.6186441829411063,3.2244993264629445,5
169,106,0.3011529002133811,1.004661042205806,0.6169045685652506,3.3360496993187043,5
170,106,0.3146677324312881,1.020106140664394,0.6228890008539367,3.241851755127601,5
171,106,0.3110213760390046,1.0393345064108168,0.6172521914055586,3.3416819115367677,5
172,106,0.3208898518646281,1.0187114045519428,0.6049551574526649,3.17464512708149,5
173,106,0.3100318158116159,1.01129749345389,0.6203376732406439,3.261915203142838,5
174,106,0.3146583877637763,1.026039354389858,0.6284620434450747,3.2608040792484365,5
175,106,0.2953047143775175,1.0313756839437191,0.5942953520525043,3.492581166940696,5
176,106,0.2846688447175695,1.0310676198393696,0.5796952844512069,3.621989687218248,5
177,106,0.3055055247240547,1.0331921120629393,0.5929082572834942,3.3819097477735016,5
178,106,0.2871240687101071,1.0190652088427858,0.5711843833381569,3.5492155479019702,5
179,106,0.2764329234739586,1.0190652088427858,0.5575211709991793,3.686482767812521,5
180,106,0.3062266209564093,1.0331792968596785,0.6422810422787177,3.3739042465767506,5
181,106,0.3011529002133811,1.0009368658693532,0.6052476559598324,3.323683302269849,5
182,106,0.3016910473917176,1.048441664086419,0.5761774330487665,3.4752163617408094,5
183,106,0.3089041679428257,1.0313756839437191,0.5484230748828758,3.338820873840115,5
184,106,0.3001633399859924,1.0177464616799257,0.6182760436481028,3.3906421141483176,5
185,106,0.2953047143775175,1.034093475014949,0.5608717666509879,3.501784511617935,5
186,106,0.2977328989284341,1.020106140664394,0.5769205276544647,3.4262459551357685,5
187,106,0.3110213760390046,1.0251363331149883,0.5828569667006145,3.296031758879582,5
188,106,0.3201931593678941,1.0197998178085816,0.6449853662784715,3.184951920340236,5
189,106,0.2503780108001921,1.0393345064108168,0.5271625127980702,4.151061441414804,5
190,106,0.3178942001733531,1.032446582611394,0.6216368642676179,3.247767911614566,5
191,106,0.2865753492270529,1.044427926820776,0.5493950928229617,3.6445141902044,5
192,106,0.3011529002133811,1.0313756839437191,0.5825096251384316,3.42475760058409,5
193,106,0.3146583877637763,1.0303480943333752,0.6152485560562644,3.274497469004033,5
194,106,0.291816492304509,1.0365875832796867,0.5588775336316194,3.5521898542938164,5
195,106,0.2789600561776153,0.9668039776346125,0.5610984258242862,3.465743414602137,5
196,106,0.2654769616352793,1.0096453829066163,0.5344298445202146,3.803137480131701,5
197,106,0.2895765859530059,0.9825421761350702,0.5573802618652252,3.3930304582516304,5
198,106,0.2814390178921168,0.9645958485466264,0.5308979701314672,3.427370717006916,5
199,106,0.2702547151193645,0.9771840728550858,0.5525197227087945,3.61578917290486,5
200,106,0.2858402516310936,1.020106140664394,0.6019830655257145,3.568798078099043,5
201,106,0.285813959146056,1.0183575995759668,0.5732546972743022,3.56300861797855,5
202,106,0.2506490707591865,1.0137883972273292,0.5316373456068596,4.044652526166099,5
203,106,0.2607159582297366,0.9815675357538088,0.5403344956312429,3.7648924232281753,5
204,106,0.2653810843862959,1.0076001093316913,0.5239641115156481,3.796804552448815,5
205,106,0.2757497257459582,1.0140648065015594,0.5902447908028,3.677482556903044,5
206,106,0.2823349660968487,1.0193783389357074,0.55993098545601,3.610528136235284,5
207,106,0.28127220957888,0.976985901679915,0.5581944315679361,3.473453360865816,5
208,106,0.29116052985959,1.0059055631491127,0.5894650407498353,3.454814303416067,5
209,106,0.2400649090815587,1.0330454792727597,0.5286526995655376,4.303192345874243,5
210,106,0.3006997188630979,1.0149399454073649,0.6132482047613028,3.375260706078163,5
211,106,0.295235166636742,1.0151867481135233,0.6065523706744808,3.438569868482541,5
212,106,0.2602999771778177,0.9939807411867984,0.5528589820293209,3.8185971123147056,5
213,106,0.2769163334306858,1.0143519396434069,0.5618848799355788,3.663026760020664,5
214,106,0.3105858292272441,0.9898129771475668,0.6135927412375067,3.1869225315600525,5
215,106,0.2722952671602906,0.9804606367504904,0.5464372847537824,3.600725958168519,5
216,106,0.2841173238930298,1.0064673269062263,0.5827140166372475,3.5424356146799454,5
217,106,0.2318024750534069,0.9944114470021064,0.4939769441516052,4.289908668028655,5
218,106,0.2802094530609113,1.0076001093316913,0.5987718796105228,3.5958819316229897,5
219,106,0.2987708805780497,1.0381837876059654,0.5847366033034228,3.474849307928972,5
220,106,0.295235166636742,1.0076001093316913,0.6065523706744808,3.4128729338380093,5
221,106,0.3001261857642995,1.008098859609216,0.5797932250890558,3.3589167071243637,5
222,106,0.2819419372173004,1.0274580785086969,0.527070854052367,3.644218694988985,5
223,106,0.2552138311629255,1.0188809598678268,0.531194369478072,3.9922638801554022,5
224,106,0.2819419372173004,0.9953500135553,0.5655719100727377,3.530336860770579,5
225,106,0.2574558698189159,0.9997972219385012,0.4921969638728934,3.88337318796312,5
226,106,0.2747342847244681,1.0340006734460112,0.5501644339086144,3.763639017543856,5
227,106,0.2713174716373332,1.0076001093316913,0.5436853155096052,3.713731015002743,5
228,106,0.2724608317137185,0.995634226059288,0.528066139438489,3.6542288291383698,5
229,106,0.2713980751957499,0.9825277730131948,0.5397470404875242,3.620245914804415,5
230,106,0.278000698668255,1.0257726944353696,0.5139551607019335,3.689820562859265,5
231,106,0.2880756009578387,0.9808589843197868,0.5824950989519755,3.404866573421955,5
232,106,0.2452875355653736,1.0076001093316913,0.5162327226997493,4.107832495480176,5
233,106,0.2757762754518006,0.9948673741510324,0.559839634015929,3.6075161741928463,5
234,106,0.2917659935088721,0.955164690192184,0.6112457618710511,3.2737354984556792,5
235,106,0.3040112074342372,0.972052711481584,0.6327247830122957,3.1974239360628034,5
236,106,0.3001633399859924,0.9935926113716138,0.6199874410019109,3.3101730924835167,5
237,106,0.3208898518646281,1.0149399454073649,0.6049551574526649,3.162892000198036,5
238,106,0.3045335139884436,1.0134937124973669,0.5909243855845004,3.328020286581091,5
239,106,0.3105858292272441,0.9975058573424234,0.6135927412375067,3.211691466491813,5
240,106,0.3105858292272441,0.9983609904984408,0.6135927412375067,3.2144447574521413,5
241,106,0.2803796338745772,1.01129749345389,0.6089957340250886,3.606886418527373,5
242,106,0.3091734712004211,1.026314875920911,0.5993932028990373,3.3195437885924064,5
243,106,0.3130930165285412,0.9983609904984408,0.6249003233243459,3.188704116009663,5
244,106,0.2049288705767003,1.0251363331149883,0.4807500180614473,5.0024007365585055,5
245,106,0.3077808996621299,1.0143519396434069,0.614495137219058,3.2956948945075006,5
246,106,0.2895765859530059,1.0047713988613076,0.5573802618652252,3.469795030404729,5
247,106,0.2711630722733202,1.0193783389357074,0.4974169923192975,3.759281565847653,5
248,106,0.3045335139884436,1.058913262405046,0.6055381792651394,3.4771649548076646,5
249,106,0.2854713823433472,1.0193783389357074,0.5755693237756677,3.5708599950297737,5
250,106,0.2252279972109389,1.0125930514048804,0.5003010072411977,4.495857814943534,5
251,106,0.2625866973305884,1.0331921120629393,0.5019334379544111,3.934670425296461,5
252,106,0.2720815482799674,1.0186804076606308,0.5334969558332727,3.744026061673339,5
253,106,0.2802094530609113,1.0064673269062263,0.6113643789744794,3.591839304177374,5
254,106,0.2865133730706797,1.034093475014949,0.5116666174392346,3.609232839403449,5
255,106,0.3110802135834513,1.0193783389357074,0.6178899925832166,3.2768986725098985,5
256,106,0.2851579201191943,1.0064673269062263,0.5803494163473198,3.529508584175144,5
257,106,0.2907552152136523,1.0193783389357074,0.5834369923565363,3.505967513554828,5
258,106,0.2093269868379495,1.0183575995759668,0.4566046185333569,4.864913095817541,5
259,106,0.2958120627384847,1.025426938165272,0.5879695715400136,3.4664811457395146,5
260,106,0.3142871208493232,1.0403211240944372,0.6058949989728223,3.3100978534630823,5
261,106,0.3082790370645707,1.020106140664394,0.6135303436329295,3.309035055960445,5
262,106,0.3055055247240547,1.026314875920911,0.5929082572834942,3.359398743600206,5
263,106,0.3100318158116159,1.00705695762083,0.6203376732406439,3.2482374590637058,5
264,106,0.2802094530609113,1.0322930514379716,0.5720559707247266,3.684005090340667,5
265,106,0.2982778137846918,1.020370714151643,0.5849944399984343,3.420873651998084,5
266,106,0.3208898518646281,1.04283528990954,0.5752084342399049,3.2498232145698225,5
267,106,0.2093269868379495,0.9935926113716138,0.4876567461092099,4.746605425227868,5
268,106,0.3001633399859924,1.032446582611394,0.6182760436481028,3.4396158526873224,5
269,106,0.2747342847244681,1.0208690221677488,0.5608359554069899,3.715841374481461,5
270,106,0.287169050122774,1.072432244665634,0.6279016983049486,3.734498004597413,5
271,106,0.3183434820162431,1.0910219653483817,0.6501395397970945,3.427184871002679,5
272,106,0.3149550935814335,1.1721140748954977,0.5653984822030261,3.7215276043549386,5
273,106,0.3361070662793564,1.1092973183689483,0.5752174848319339,3.300428433857897,5
274,106,0.2559917963359797,0.9730197122728508,0.560947784916532,3.800980055610058,5
275,106,0.2764275357339028,1.0038373126408004,0.5733399305437432,3.631466416598684,5
276,106,0.3051933063551484,0.9920289225642326,0.5970824150157814,3.2504937097467823,5
277,106,0.290157158227379,1.020859936255604,0.5345612303150957,3.518300022278329,5
278,106,0.2873478855663454,1.006110602187245,0.5177921629557151,3.501367689566469,5
279,106,0.2860491937880997,1.02761709786555,0.5639080179656658,3.5924488520907727,5
280,106,0.2753974615906758,1.023559461657897,0.6060508415001032,3.7166626582027713,5
281,106,0.3155038512013637,1.0348235949240163,0.5863742495375835,3.279907966205972,5
282,106,0.2607228694752449,1.0532228399135026,0.5323057012182113,4.039625837324193,5
283,106,0.242329183968145,1.0209963941621318,0.4778893473072774,4.213262213998728,5
284,106,0.2962880266653153,1.0348235949240163,0.5650350112559364,3.492627112107184,5
285,106,0.2946881526612887,1.0334457293766086,0.600198637672785,3.506913053828939,5
286,106,0.2808279781508652,1.0261378448482883,0.5537855217715214,3.653972982339497,5
287,106,0.3248656855602278,1.025536024687107,0.613345270798881,3.1568000877611304,5
288,106,0.2850428071259823,1.0368339689510466,0.5992022617550272,3.6374675769060536,5
289,106,0.2867534159539749,1.0262795935945823,0.5583614183601688,3.578962050653668,5
290,106,0.293964444005772,1.0169649003835248,0.6208590553583451,3.45948267254919,5
291,106,0.2997318011303876,0.9992099544490584,0.5813514106039461,3.333680145652572,5
292,106,0.3161639645931534,1.0287468414018424,0.5801741854564086,3.253839642116254,5
293,106,0.2856391883539791,1.0348235949240163,0.5669390402849281,3.622834810892994,5
294,106,0.2922949402966064,1.0230898312309462,0.570217553673811,3.5001968566160104,5
295,106,0.2612477993677516,1.0432881424012377,0.4917784213756457,3.9934810740075495,5
296,106,0.2955603889659805,1.042559275294973,0.5572236658174119,3.5273985087865523,5
297,106,0.3022203384098809,1.032763186504145,0.5649635362604618,3.41725243224193,5
298,106,0.2663220025812881,1.0159946963099449,0.544417940395609,3.814910846503709,5
299,106,0.2946881526612887,1.0180018366328996,0.5664559071343447,3.4545054744802703,5
